id,component_id:id,product_id,quantity
product_components__component_list_2way_radio__77168,component_list_2way_radio,77168,1
product_components__component_list_2way_radio__14326,component_list_2way_radio,14326,1
product_components__component_list_2way_radio__20166,component_list_2way_radio,20166,1
product_components__component_list_2way_radio__52719,component_list_2way_radio,52719,1
product_components__component_list_2way_radio__91112,component_list_2way_radio,91112,1
product_components__component_list_2way_radio__25061,component_list_2way_radio,25061,1
product_components__component_list_2way_radio__38275,component_list_2way_radio,38275,1
product_components__component_list_2way_radio__88229,component_list_2way_radio,88229,1
product_components__component_list_2way_radio__96508,component_list_2way_radio,96508,1
product_components__component_list_2way_radio__49003,component_list_2way_radio,49003,1
product_components__component_list_2way_radio__220521,component_list_2way_radio,220521,1
product_components__component_list_2way_radio__56313,component_list_2way_radio,56313,1
product_components__component_list_2way_radio__78529,component_list_2way_radio,78529,1
product_components__component_list_2way_radio__74131,component_list_2way_radio,74131,1
product_components__component_list_2way_radio__215668,component_list_2way_radio,215668,1
product_components__component_list_2way_radio__53696,component_list_2way_radio,53696,1
product_components__component_list_2way_radio__56159,component_list_2way_radio,56159,1
product_components__component_list_2way_radio__53350,component_list_2way_radio,53350,1
product_components__component_list_2way_radio__87345,component_list_2way_radio,87345,1
product_components__component_list_2way_radio__13266,component_list_2way_radio,13266,1
product_components__component_list_2way_radio__80763,component_list_2way_radio,80763,1
product_components__component_list_2way_radio__18729,component_list_2way_radio,18729,1
product_components__component_list_2way_radio__38656,component_list_2way_radio,38656,1
product_components__component_list_2way_radio__91624,component_list_2way_radio,91624,1
product_components__component_list_2way_radio__44039,component_list_2way_radio,44039,1
product_components__component_list_2way_radio__21140,component_list_2way_radio,21140,1
product_components__component_list_2way_radio__48055,component_list_2way_radio,48055,1
product_components__component_list_2way_radio__56866,component_list_2way_radio,56866,1
product_components__component_list_2way_radio__24294,component_list_2way_radio,24294,1
product_components__component_list_2way_radio__208991,component_list_2way_radio,208991,1
product_components__component_list_2way_radio__75862,component_list_2way_radio,75862,1
product_components__component_list_2way_radio__59004,component_list_2way_radio,59004,1
product_components__component_list_2way_radio__10652,component_list_2way_radio,10652,1
product_components__component_list_2way_radio__48159,component_list_2way_radio,48159,1
product_components__component_list_2way_radio__211112,component_list_2way_radio,211112,1
product_components__component_list_2way_radio__31679,component_list_2way_radio,31679,1
product_components__component_list_2way_radio__43884,component_list_2way_radio,43884,1
product_components__component_list_2way_radio__11034,component_list_2way_radio,11034,1
product_components__component_list_2way_radio__42966,component_list_2way_radio,42966,1
product_components__component_list_2way_radio__59533,component_list_2way_radio,59533,1
product_components__component_list_2way_radio__60117,component_list_2way_radio,60117,1
product_components__component_list_2way_radio__10229,component_list_2way_radio,10229,1
product_components__component_list_2way_radio__70080,component_list_2way_radio,70080,1
product_components__component_list_2way_radio__41981,component_list_2way_radio,41981,1
product_components__component_list_2way_radio__78875,component_list_2way_radio,78875,1
product_components__component_list_2way_radio__48079,component_list_2way_radio,48079,1
product_components__component_list_2way_radio__28094,component_list_2way_radio,28094,1
product_components__component_list_2way_radio__48166,component_list_2way_radio,48166,1
product_components__component_list_2way_radio__69945,component_list_2way_radio,69945,1
product_components__component_list_2way_radio__218063,component_list_2way_radio,218063,1
product_components__component_list_2way_radio__80271,component_list_2way_radio,80271,1
product_components__component_list_2way_radio__21695,component_list_2way_radio,21695,1
product_components__component_list_2way_radio__66392,component_list_2way_radio,66392,1
product_components__component_list_2way_radio__213919,component_list_2way_radio,213919,1
product_components__component_list_2way_radio__60917,component_list_2way_radio,60917,1
product_components__component_list_2way_radio__90979,component_list_2way_radio,90979,1
product_components__component_list_2way_radio__61089,component_list_2way_radio,61089,1
product_components__component_list_2way_radio__207177,component_list_2way_radio,207177,1
product_components__component_list_2way_radio__91743,component_list_2way_radio,91743,1
product_components__component_list_2way_radio__92089,component_list_2way_radio,92089,1
product_components__component_list_2way_radio__73174,component_list_2way_radio,73174,1
product_components__component_list_2way_radio__55234,component_list_2way_radio,55234,1
product_components__component_list_2way_radio__41852,component_list_2way_radio,41852,1
product_components__component_list_2way_radio__65782,component_list_2way_radio,65782,1
product_components__component_list_2way_radio__94573,component_list_2way_radio,94573,1
product_components__component_list_2way_radio__53682,component_list_2way_radio,53682,1
product_components__component_list_2way_radio__64365,component_list_2way_radio,64365,1
product_components__component_list_2way_radio__80559,component_list_2way_radio,80559,1
product_components__component_list_2way_radio__90428,component_list_2way_radio,90428,1
product_components__component_list_2way_radio__88844,component_list_2way_radio,88844,1
product_components__component_list_2way_radio__220166,component_list_2way_radio,220166,1
product_components__component_list_2way_radio__71998,component_list_2way_radio,71998,1
product_components__component_list_2way_radio__57619,component_list_2way_radio,57619,1
product_components__component_list_2way_radio__10998,component_list_2way_radio,10998,1
product_components__component_list_2way_radio__67546,component_list_2way_radio,67546,1
product_components__component_list_2way_radio__92560,component_list_2way_radio,92560,1
product_components__component_list_2way_radio__19594,component_list_2way_radio,19594,1
product_components__component_list_2way_radio__87278,component_list_2way_radio,87278,1
product_components__component_list_2way_radio__13936,component_list_2way_radio,13936,1
product_components__component_list_2way_radio__56400,component_list_2way_radio,56400,1
product_components__component_list_2way_radio__36323,component_list_2way_radio,36323,1
product_components__component_list_2way_radio__62971,component_list_2way_radio,62971,1
product_components__component_list_2way_radio__85836,component_list_2way_radio,85836,1
product_components__component_list_2way_radio__63316,component_list_2way_radio,63316,1
product_components__component_list_2way_radio__45972,component_list_2way_radio,45972,1
product_components__component_list_2way_radio__213861,component_list_2way_radio,213861,1
product_components__component_list_2way_radio__85411,component_list_2way_radio,85411,1
product_components__component_list_2way_radio__48042,component_list_2way_radio,48042,1
product_components__component_list_2way_radio__81918,component_list_2way_radio,81918,1
product_components__component_list_2way_radio__33825,component_list_2way_radio,33825,1
product_components__component_list_2way_radio__84136,component_list_2way_radio,84136,1
product_components__component_list_2way_radio__56570,component_list_2way_radio,56570,1
product_components__component_list_2way_radio__33236,component_list_2way_radio,33236,1
product_components__component_list_2way_radio__89263,component_list_2way_radio,89263,1
product_components__component_list_2way_radio__24591,component_list_2way_radio,24591,1
product_components__component_list_2way_radio__21180,component_list_2way_radio,21180,1
product_components__component_list_2way_radio__81028,component_list_2way_radio,81028,1
product_components__component_list_2way_radio__54811,component_list_2way_radio,54811,1
product_components__component_list_2way_radio__34594,component_list_2way_radio,34594,1
product_components__component_list_2way_radio__48072,component_list_2way_radio,48072,1
product_components__component_list_2way_radio__27572,component_list_2way_radio,27572,1
product_components__component_list_2way_radio__28821,component_list_2way_radio,28821,1
product_components__component_list_2way_radio__217370,component_list_2way_radio,217370,1
product_components__component_list_2way_radio__60212,component_list_2way_radio,60212,1
product_components__component_list_2way_radio__75249,component_list_2way_radio,75249,1
product_components__component_list_2way_radio__87330,component_list_2way_radio,87330,1
product_components__component_list_2way_radio__34450,component_list_2way_radio,34450,1
product_components__component_list_2way_radio__90123,component_list_2way_radio,90123,1
product_components__component_list_2way_radio__79280,component_list_2way_radio,79280,1
product_components__component_list_2way_radio__41822,component_list_2way_radio,41822,1
product_components__component_list_2way_radio__49537,component_list_2way_radio,49537,1
product_components__component_list_2way_radio__56180,component_list_2way_radio,56180,1
product_components__component_list_2way_radio__201208,component_list_2way_radio,201208,1
product_components__component_list_2way_radio__99044,component_list_2way_radio,99044,1
product_components__component_list_2way_radio__23495,component_list_2way_radio,23495,1
product_components__component_list_2way_radio__88709,component_list_2way_radio,88709,1
product_components__component_list_2way_radio__80421,component_list_2way_radio,80421,1
product_components__component_list_2way_radio__80245,component_list_2way_radio,80245,1
product_components__component_list_2way_radio__42395,component_list_2way_radio,42395,1
product_components__component_list_2way_radio__42576,component_list_2way_radio,42576,1
product_components__component_list_2way_radio__73357,component_list_2way_radio,73357,1
product_components__component_list_2way_radio__90425,component_list_2way_radio,90425,1
product_components__component_list_2way_radio__56962,component_list_2way_radio,56962,1
product_components__component_list_2way_radio__27453,component_list_2way_radio,27453,1
product_components__component_list_2way_radio__50805,component_list_2way_radio,50805,1
product_components__component_list_2way_radio__27902,component_list_2way_radio,27902,1
product_components__component_list_2way_radio__21872,component_list_2way_radio,21872,1
product_components__component_list_2way_radio__48639,component_list_2way_radio,48639,1
product_components__component_list_2way_radio__49614,component_list_2way_radio,49614,1
product_components__component_list_2way_radio__42011,component_list_2way_radio,42011,1
product_components__component_list_2way_radio__22999,component_list_2way_radio,22999,1
product_components__component_list_2way_radio__60605,component_list_2way_radio,60605,1
product_components__component_list_2way_radio__64582,component_list_2way_radio,64582,1
product_components__component_list_2way_radio__75855,component_list_2way_radio,75855,1
product_components__component_list_2way_radio__76377,component_list_2way_radio,76377,1
product_components__component_list_2way_radio__32575,component_list_2way_radio,32575,1
product_components__component_list_2way_radio__82562,component_list_2way_radio,82562,1
product_components__component_list_2way_radio__204968,component_list_2way_radio,204968,1
product_components__component_list_2way_radio__60042,component_list_2way_radio,60042,1
product_components__component_list_2way_radio__36444,component_list_2way_radio,36444,1
product_components__component_list_2way_radio__87818,component_list_2way_radio,87818,1
product_components__component_list_2way_radio__64760,component_list_2way_radio,64760,1
product_components__component_list_2way_radio__61291,component_list_2way_radio,61291,1
product_components__component_list_2way_radio__29867,component_list_2way_radio,29867,1
product_components__component_list_2way_radio__49635,component_list_2way_radio,49635,1
product_components__component_list_2way_radio__22462,component_list_2way_radio,22462,1
product_components__component_list_2way_radio__99931,component_list_2way_radio,99931,1
product_components__component_list_2way_radio__88028,component_list_2way_radio,88028,1
product_components__component_list_2way_radio__17232,component_list_2way_radio,17232,1
product_components__component_list_2way_radio__84913,component_list_2way_radio,84913,1
product_components__component_list_2way_radio__11695,component_list_2way_radio,11695,1
product_components__component_list_2way_radio__58957,component_list_2way_radio,58957,1
product_components__component_list_2way_radio__97729,component_list_2way_radio,97729,1
product_components__component_list_2way_radio__54760,component_list_2way_radio,54760,1
product_components__component_list_2way_radio__61036,component_list_2way_radio,61036,1
product_components__component_list_2way_radio__57584,component_list_2way_radio,57584,1
product_components__component_list_2way_radio__66028,component_list_2way_radio,66028,1
product_components__component_list_2way_radio__83522,component_list_2way_radio,83522,1
product_components__component_list_2way_radio__12606,component_list_2way_radio,12606,1
product_components__component_list_2way_radio__28909,component_list_2way_radio,28909,1
product_components__component_list_2way_radio__15052,component_list_2way_radio,15052,1
product_components__component_list_2way_radio__90762,component_list_2way_radio,90762,1
product_components__component_list_2way_radio__10483,component_list_2way_radio,10483,1
product_components__component_list_2way_radio__62759,component_list_2way_radio,62759,1
product_components__component_list_2way_radio__70393,component_list_2way_radio,70393,1
product_components__component_list_2way_radio__66659,component_list_2way_radio,66659,1
product_components__component_list_2way_radio__32110,component_list_2way_radio,32110,1
product_components__component_list_2way_radio__23207,component_list_2way_radio,23207,1
product_components__component_list_2way_radio__67065,component_list_2way_radio,67065,1
product_components__component_list_2way_radio__52387,component_list_2way_radio,52387,1
product_components__component_list_2way_radio__86470,component_list_2way_radio,86470,1
product_components__component_list_2way_radio__36997,component_list_2way_radio,36997,1
product_components__component_list_2way_radio__86760,component_list_2way_radio,86760,1
product_components__component_list_2way_radio__28858,component_list_2way_radio,28858,1
product_components__component_list_2way_radio__212972,component_list_2way_radio,212972,1
product_components__component_list_2way_radio__211462,component_list_2way_radio,211462,1
product_components__component_list_2way_radio__88874,component_list_2way_radio,88874,1
product_components__component_list_2way_radio__62446,component_list_2way_radio,62446,1
product_components__component_list_2way_radio__94069,component_list_2way_radio,94069,1
product_components__component_list_2way_radio__67641,component_list_2way_radio,67641,1
product_components__component_list_2way_radio__65143,component_list_2way_radio,65143,1
product_components__component_list_2way_radio__73361,component_list_2way_radio,73361,1
product_components__component_list_2way_radio__206904,component_list_2way_radio,206904,1
product_components__component_list_2way_radio__220502,component_list_2way_radio,220502,1
product_components__component_list_2way_radio__59311,component_list_2way_radio,59311,1
product_components__component_list_2way_radio__46097,component_list_2way_radio,46097,1
product_components__component_list_2way_radio__55676,component_list_2way_radio,55676,1
product_components__component_list_2way_radio__11461,component_list_2way_radio,11461,1
product_components__component_list_2way_radio__58407,component_list_2way_radio,58407,1
product_components__component_list_2way_radio__49534,component_list_2way_radio,49534,1
product_components__component_list_2way_radio__22714,component_list_2way_radio,22714,1
product_components__component_list_2way_radio__93627,component_list_2way_radio,93627,1
product_components__component_list_2way_radio__62984,component_list_2way_radio,62984,1
product_components__component_list_2way_radio__70337,component_list_2way_radio,70337,1
product_components__component_list_2way_radio__80458,component_list_2way_radio,80458,1
product_components__component_list_2way_radio__57195,component_list_2way_radio,57195,1
product_components__component_list_2way_radio__26715,component_list_2way_radio,26715,1
product_components__component_list_2way_radio__69293,component_list_2way_radio,69293,1
product_components__component_list_2way_radio__211159,component_list_2way_radio,211159,1
product_components__component_list_2way_radio__14459,component_list_2way_radio,14459,1
product_components__component_list_2way_radio__62035,component_list_2way_radio,62035,1
product_components__component_list_2way_radio__88463,component_list_2way_radio,88463,1
product_components__component_list_2way_radio__36856,component_list_2way_radio,36856,1
product_components__component_list_2way_radio__201437,component_list_2way_radio,201437,1
product_components__component_list_2way_radio__52358,component_list_2way_radio,52358,1
product_components__component_list_2way_radio__48272,component_list_2way_radio,48272,1
product_components__component_list_2way_radio__204755,component_list_2way_radio,204755,1
product_components__component_list_2way_radio__35662,component_list_2way_radio,35662,1
product_components__component_list_2way_radio__22448,component_list_2way_radio,22448,1
product_components__component_list_2way_radio__22265,component_list_2way_radio,22265,1
product_components__component_list_2way_radio__68860,component_list_2way_radio,68860,1
product_components__component_list_2way_radio__58559,component_list_2way_radio,58559,1
product_components__component_list_2way_radio__52400,component_list_2way_radio,52400,1
product_components__component_list_2way_radio__213651,component_list_2way_radio,213651,1
product_components__component_list_2way_radio__52885,component_list_2way_radio,52885,1
product_components__component_list_2way_radio__15124,component_list_2way_radio,15124,1
product_components__component_list_2way_radio__76219,component_list_2way_radio,76219,1
product_components__component_list_2way_radio__79784,component_list_2way_radio,79784,1
product_components__component_list_2way_radio__10772,component_list_2way_radio,10772,1
product_components__component_list_2way_radio__35951,component_list_2way_radio,35951,1
product_components__component_list_2way_radio__49165,component_list_2way_radio,49165,1
product_components__component_list_2way_radio__54839,component_list_2way_radio,54839,1
product_components__component_list_2way_radio__26484,component_list_2way_radio,26484,1
product_components__component_list_2way_radio__68460,component_list_2way_radio,68460,1
product_components__component_list_2way_radio__95355,component_list_2way_radio,95355,1
product_components__component_list_2way_radio__60656,component_list_2way_radio,60656,1
product_components__component_list_2way_radio__56237,component_list_2way_radio,56237,1
product_components__component_list_2way_radio__37200,component_list_2way_radio,37200,1
product_components__component_list_2way_radio__93622,component_list_2way_radio,93622,1
product_components__component_list_2way_radio__16986,component_list_2way_radio,16986,1
product_components__component_list_2way_radio__48343,component_list_2way_radio,48343,1
product_components__component_list_2way_radio__79242,component_list_2way_radio,79242,1
product_components__component_list_2way_radio__40451,component_list_2way_radio,40451,1
product_components__component_list_2way_radio__37826,component_list_2way_radio,37826,1
product_components__component_list_2way_radio__24612,component_list_2way_radio,24612,1
product_components__component_list_2way_radio__40260,component_list_2way_radio,40260,1
product_components__component_list_2way_radio__35065,component_list_2way_radio,35065,1
product_components__component_list_2way_radio__27046,component_list_2way_radio,27046,1
product_components__component_list_2way_radio__46135,component_list_2way_radio,46135,1
product_components__component_list_2way_radio__40924,component_list_2way_radio,40924,1
product_components__component_list_2way_radio__73329,component_list_2way_radio,73329,1
product_components__component_list_2way_radio__89695,component_list_2way_radio,89695,1
product_components__component_list_2way_radio__86672,component_list_2way_radio,86672,1
product_components__component_list_2way_radio__61107,component_list_2way_radio,61107,1
product_components__component_list_2way_radio__92785,component_list_2way_radio,92785,1
product_components__component_list_2way_radio__40819,component_list_2way_radio,40819,1
product_components__component_list_2way_radio__68593,component_list_2way_radio,68593,1
product_components__component_list_2way_radio__70176,component_list_2way_radio,70176,1
product_components__component_list_2way_radio__15634,component_list_2way_radio,15634,1
product_components__component_list_2way_radio__26757,component_list_2way_radio,26757,1
product_components__component_list_2way_radio__28013,component_list_2way_radio,28013,1
product_components__component_list_2way_radio__22258,component_list_2way_radio,22258,1
product_components__component_list_2way_radio__41319,component_list_2way_radio,41319,1
product_components__component_list_2way_radio__87930,component_list_2way_radio,87930,1
product_components__component_list_2way_radio__34932,component_list_2way_radio,34932,1
product_components__component_list_2way_radio__78815,component_list_2way_radio,78815,1
product_components__component_list_2way_radio__93590,component_list_2way_radio,93590,1
product_components__component_list_2way_radio__81359,component_list_2way_radio,81359,1
product_components__component_list_2way_radio__92926,component_list_2way_radio,92926,1
product_components__component_list_2way_radio__42717,component_list_2way_radio,42717,1
product_components__component_list_2way_radio__42640,component_list_2way_radio,42640,1
product_components__component_list_2way_radio__66043,component_list_2way_radio,66043,1
product_components__component_list_2way_radio__45179,component_list_2way_radio,45179,1
product_components__component_list_2way_radio__87168,component_list_2way_radio,87168,1
product_components__component_list_2way_radio__69195,component_list_2way_radio,69195,1
product_components__component_list_2way_radio__71856,component_list_2way_radio,71856,1
product_components__component_list_2way_radio__53671,component_list_2way_radio,53671,1
product_components__component_list_2way_radio__10364,component_list_2way_radio,10364,1
product_components__component_list_2way_radio__14515,component_list_2way_radio,14515,1
product_components__component_list_2way_radio__80635,component_list_2way_radio,80635,1
product_components__component_list_2way_radio__63302,component_list_2way_radio,63302,1
product_components__component_list_2way_radio__24909,component_list_2way_radio,24909,1
product_components__component_list_2way_radio__61583,component_list_2way_radio,61583,1
product_components__component_list_2way_radio__86640,component_list_2way_radio,86640,1
product_components__component_list_2way_radio__44203,component_list_2way_radio,44203,1
product_components__component_list_2way_radio__69382,component_list_2way_radio,69382,1
product_components__component_list_2way_radio__43139,component_list_2way_radio,43139,1
product_components__component_list_2way_radio__22373,component_list_2way_radio,22373,1
product_components__component_list_2way_radio__75644,component_list_2way_radio,75644,1
product_components__component_list_2way_radio__95820,component_list_2way_radio,95820,1
product_components__component_list_2way_radio__81584,component_list_2way_radio,81584,1
product_components__component_list_2way_radio__61600,component_list_2way_radio,61600,1
product_components__component_list_2way_radio__69387,component_list_2way_radio,69387,1
product_components__component_list_2way_radio__77167,component_list_2way_radio,77167,1
product_components__component_list_2way_radio__62305,component_list_2way_radio,62305,1
product_components__component_list_2way_radio__98998,component_list_2way_radio,98998,1
product_components__component_list_2way_radio__23646,component_list_2way_radio,23646,1
product_components__component_list_2way_radio__218516,component_list_2way_radio,218516,1
product_components__component_list_2way_radio__89584,component_list_2way_radio,89584,1
product_components__component_list_2way_radio__32013,component_list_2way_radio,32013,1
product_components__component_list_2way_radio__74814,component_list_2way_radio,74814,1
product_components__component_list_2way_radio__97169,component_list_2way_radio,97169,1
product_components__component_list_2way_radio__81783,component_list_2way_radio,81783,1
product_components__component_list_2way_radio__69818,component_list_2way_radio,69818,1
product_components__component_list_2way_radio__94997,component_list_2way_radio,94997,1
product_components__component_list_2way_radio__44728,component_list_2way_radio,44728,1
product_components__component_list_2way_radio__75945,component_list_2way_radio,75945,1
product_components__component_list_2way_radio__45888,component_list_2way_radio,45888,1
product_components__component_list_2way_radio__200148,component_list_2way_radio,200148,1
product_components__component_list_2way_radio__39931,component_list_2way_radio,39931,1
product_components__component_list_2way_radio__80428,component_list_2way_radio,80428,1
product_components__component_list_2way_radio__16526,component_list_2way_radio,16526,1
product_components__component_list_2way_radio__56604,component_list_2way_radio,56604,1
product_components__component_list_2way_radio__26367,component_list_2way_radio,26367,1
product_components__component_list_2way_radio__54919,component_list_2way_radio,54919,1
product_components__component_list_2way_radio__54680,component_list_2way_radio,54680,1
product_components__component_list_2way_radio__58776,component_list_2way_radio,58776,1
product_components__component_list_2way_radio__10192,component_list_2way_radio,10192,1
product_components__component_list_2way_radio__43390,component_list_2way_radio,43390,1
product_components__component_list_2way_radio__216193,component_list_2way_radio,216193,1
product_components__component_list_2way_radio__220087,component_list_2way_radio,220087,1
product_components__component_list_2way_radio__16653,component_list_2way_radio,16653,1
product_components__component_list_2way_radio__216282,component_list_2way_radio,216282,1
product_components__component_list_2way_radio__83032,component_list_2way_radio,83032,1
product_components__component_list_2way_radio__68677,component_list_2way_radio,68677,1
product_components__component_list_2way_radio__85472,component_list_2way_radio,85472,1
product_components__component_list_2way_radio__16394,component_list_2way_radio,16394,1
product_components__component_list_2way_radio__65305,component_list_2way_radio,65305,1
product_components__component_list_2way_radio__67409,component_list_2way_radio,67409,1
product_components__component_list_2way_radio__15289,component_list_2way_radio,15289,1
product_components__component_list_2way_radio__38478,component_list_2way_radio,38478,1
product_components__component_list_2way_radio__28600,component_list_2way_radio,28600,1
product_components__component_list_2way_radio__40771,component_list_2way_radio,40771,1
product_components__component_list_2way_radio__217282,component_list_2way_radio,217282,1
product_components__component_list_2way_radio__74915,component_list_2way_radio,74915,1
product_components__component_list_2way_radio__78861,component_list_2way_radio,78861,1
product_components__component_list_2way_radio__69907,component_list_2way_radio,69907,1
product_components__component_list_2way_radio__54771,component_list_2way_radio,54771,1
product_components__component_list_2way_radio__47001,component_list_2way_radio,47001,1
product_components__component_list_2way_radio__84145,component_list_2way_radio,84145,1
product_components__component_list_2way_radio__62952,component_list_2way_radio,62952,1
product_components__component_list_2way_radio__68433,component_list_2way_radio,68433,1
product_components__component_list_2way_radio__20573,component_list_2way_radio,20573,1
product_components__component_list_2way_radio__58966,component_list_2way_radio,58966,1
product_components__component_list_2way_radio__70924,component_list_2way_radio,70924,1
product_components__component_list_2way_radio__63823,component_list_2way_radio,63823,1
product_components__component_list_2way_radio__76282,component_list_2way_radio,76282,1
product_components__component_list_2way_radio__22741,component_list_2way_radio,22741,1
product_components__component_list_2way_radio__19895,component_list_2way_radio,19895,1
product_components__component_list_2way_radio__23151,component_list_2way_radio,23151,1
product_components__component_list_2way_radio__205932,component_list_2way_radio,205932,1
product_components__component_list_2way_radio__43839,component_list_2way_radio,43839,1
product_components__component_list_2way_radio__40756,component_list_2way_radio,40756,1
product_components__component_list_2way_radio__93612,component_list_2way_radio,93612,1
product_components__component_list_2way_radio__15577,component_list_2way_radio,15577,1
product_components__component_list_2way_radio__16826,component_list_2way_radio,16826,1
product_components__component_list_2way_radio__97359,component_list_2way_radio,97359,1
product_components__component_list_2way_radio__65935,component_list_2way_radio,65935,1
product_components__component_list_2way_radio__81647,component_list_2way_radio,81647,1
product_components__component_list_2way_radio__67184,component_list_2way_radio,67184,1
product_components__component_list_2way_radio__212616,component_list_2way_radio,212616,1
product_components__component_list_2way_radio__222204,component_list_2way_radio,222204,1
product_components__component_list_2way_radio__71823,component_list_2way_radio,71823,1
product_components__component_list_2way_radio__213894,component_list_2way_radio,213894,1
product_components__component_list_2way_radio__63434,component_list_2way_radio,63434,1
product_components__component_list_2way_radio__30918,component_list_2way_radio,30918,1
product_components__component_list_2way_radio__39541,component_list_2way_radio,39541,1
product_components__component_list_2way_radio__85513,component_list_2way_radio,85513,1
product_components__component_list_2way_radio__17775,component_list_2way_radio,17775,1
product_components__component_list_2way_radio__51124,component_list_2way_radio,51124,1
product_components__component_list_2way_radio__20383,component_list_2way_radio,20383,1
product_components__component_list_2way_radio__35834,component_list_2way_radio,35834,1
product_components__component_list_2way_radio__56820,component_list_2way_radio,56820,1
product_components__component_list_2way_radio__36421,component_list_2way_radio,36421,1
product_components__component_list_2way_radio__73565,component_list_2way_radio,73565,1
product_components__component_list_2way_radio__72604,component_list_2way_radio,72604,1
product_components__component_list_2way_radio__59787,component_list_2way_radio,59787,1
product_components__component_list_2way_radio__10849,component_list_2way_radio,10849,1
product_components__component_list_2way_radio__70503,component_list_2way_radio,70503,1
product_components__component_list_2way_radio__85487,component_list_2way_radio,85487,1
product_components__component_list_2way_radio__42661,component_list_2way_radio,42661,1
product_components__component_list_2way_radio__17174,component_list_2way_radio,17174,1
product_components__component_list_2way_radio__74546,component_list_2way_radio,74546,1
product_components__component_list_2way_radio__73818,component_list_2way_radio,73818,1
product_components__component_list_2way_radio__26751,component_list_2way_radio,26751,1
product_components__component_list_2way_radio__60639,component_list_2way_radio,60639,1
product_components__component_list_2way_radio__206015,component_list_2way_radio,206015,1
product_components__component_list_2way_radio__25840,component_list_2way_radio,25840,1
product_components__component_list_2way_radio__81033,component_list_2way_radio,81033,1
product_components__component_list_2way_radio__50155,component_list_2way_radio,50155,1
product_components__component_list_2way_radio__38190,component_list_2way_radio,38190,1
product_components__component_list_2way_radio__204484,component_list_2way_radio,204484,1
product_components__component_list_2way_radio__10077,component_list_2way_radio,10077,1
product_components__component_list_2way_radio__98980,component_list_2way_radio,98980,1
product_components__component_list_2way_radio__58794,component_list_2way_radio,58794,1
product_components__component_list_2way_radio__62413,component_list_2way_radio,62413,1
product_components__component_list_2way_radio__80534,component_list_2way_radio,80534,1
product_components__component_list_2way_radio__48843,component_list_2way_radio,48843,1
product_components__component_list_2way_radio__220372,component_list_2way_radio,220372,1
product_components__component_list_2way_radio__37510,component_list_2way_radio,37510,1
product_components__component_list_2way_radio__67290,component_list_2way_radio,67290,1
product_components__component_list_2way_radio__29248,component_list_2way_radio,29248,1
product_components__component_list_2way_radio__65724,component_list_2way_radio,65724,1
product_components__component_list_2way_radio__25959,component_list_2way_radio,25959,1
product_components__component_list_2way_radio__36750,component_list_2way_radio,36750,1
product_components__component_list_2way_radio__17461,component_list_2way_radio,17461,1
product_components__component_list_2way_radio__30868,component_list_2way_radio,30868,1
product_components__component_list_2way_radio__17948,component_list_2way_radio,17948,1
product_components__component_list_2way_radio__28664,component_list_2way_radio,28664,1
product_components__component_list_2way_radio__22636,component_list_2way_radio,22636,1
product_components__component_list_2way_radio__92951,component_list_2way_radio,92951,1
product_components__component_list_2way_radio__37145,component_list_2way_radio,37145,1
product_components__component_list_2way_radio__24020,component_list_2way_radio,24020,1
product_components__component_list_2way_radio__68260,component_list_2way_radio,68260,1
product_components__component_list_2way_radio__59716,component_list_2way_radio,59716,1
product_components__component_list_2way_radio__70285,component_list_2way_radio,70285,1
product_components__component_list_2way_radio__61204,component_list_2way_radio,61204,1
product_components__component_list_2way_radio__35985,component_list_2way_radio,35985,1
product_components__component_list_2way_radio__11904,component_list_2way_radio,11904,1
product_components__component_list_2way_radio__33449,component_list_2way_radio,33449,1
product_components__component_list_2way_radio__91538,component_list_2way_radio,91538,1
product_components__component_list_2way_radio__87791,component_list_2way_radio,87791,1
product_components__component_list_2way_radio__59517,component_list_2way_radio,59517,1
product_components__component_list_2way_radio__21124,component_list_2way_radio,21124,1
product_components__component_list_2way_radio__202227,component_list_2way_radio,202227,1
product_components__component_list_2way_radio__216827,component_list_2way_radio,216827,1
product_components__component_list_2way_radio__13503,component_list_2way_radio,13503,1
product_components__component_list_2way_radio__94183,component_list_2way_radio,94183,1
product_components__component_list_2way_radio__71504,component_list_2way_radio,71504,1
product_components__component_list_2way_radio__202030,component_list_2way_radio,202030,1
product_components__component_list_2way_radio__85512,component_list_2way_radio,85512,1
product_components__component_list_2way_radio__29777,component_list_2way_radio,29777,1
product_components__component_list_2way_radio__40482,component_list_2way_radio,40482,1
product_components__component_list_2way_radio__37462,component_list_2way_radio,37462,1
product_components__component_list_2way_radio__78996,component_list_2way_radio,78996,1
product_components__component_list_2way_radio__76668,component_list_2way_radio,76668,1
product_components__component_list_2way_radio__63454,component_list_2way_radio,63454,1
product_components__component_list_2way_radio__83159,component_list_2way_radio,83159,1
product_components__component_list_2way_radio__88586,component_list_2way_radio,88586,1
product_components__component_list_2way_radio__83286,component_list_2way_radio,83286,1
product_components__component_list_2way_radio__62099,component_list_2way_radio,62099,1
product_components__component_list_2way_radio__99243,component_list_2way_radio,99243,1
product_components__component_list_2way_radio__57015,component_list_2way_radio,57015,1
product_components__component_list_2way_radio__22457,component_list_2way_radio,22457,1
product_components__component_list_2way_radio__70072,component_list_2way_radio,70072,1
