id,default_code,name,is_storable,tracking,categ_id:id
product_template_10077,10077,Solder,TRUE,none,aak_product_data.product_category_components
product_template_10192,10192,N Right Angle Adapter,TRUE,none,aak_product_data.product_category_components
product_template_10229,10229,16-14 Ring Connector,TRUE,none,aak_product_data.product_category_components
product_template_10364,10364,Male Crimp-RG58,TRUE,none,aak_product_data.product_category_components
product_template_10483,10483,"Cable Clamps 3/16"" Nylon - 100 Pk.",TRUE,none,aak_product_data.product_category_components
product_template_10652,10652,144-190 Notch Duplexer,TRUE,none,aak_product_data.product_category_components
product_template_10772,10772,LAIRD 152-162 MHz Unity Gain 1/4 Wave Antenna,TRUE,none,aak_product_data.product_category_components
product_template_10849,10849,RG58,TRUE,none,aak_product_data.product_category_components
product_template_10998,10998,406-512 Mhzx 2-Way Power Divider,TRUE,none,aak_product_data.product_category_components
product_template_11034,11034,155-163 MHZ  3DB GAIN FIBERGLASS ANTENNA,TRUE,none,aak_product_data.product_category_components
product_template_11461,11461,Duplexer,TRUE,none,aak_product_data.product_category_components
product_template_11695,11695,BUSSMANN 3 Amp mini-ATM blade fuses. 10 per package.,TRUE,none,aak_product_data.product_category_components
product_template_11904,11904,UHF M Crimp Connector (25 Pack),TRUE,none,aak_product_data.product_category_components
product_template_12606,12606,Bracket for Polyphaser..,TRUE,none,aak_product_data.product_category_components
product_template_13266,13266,"1/4""x1""X23"" Groundbar..",TRUE,none,aak_product_data.product_category_components
product_template_13503,13503,Unidapt Signal Sampler,TRUE,none,aak_product_data.product_category_components
product_template_13936,13936,450-470 Antenna,TRUE,none,aak_product_data.product_category_components
product_template_14326,14326,"#8 1/2"" Hpillips Steel Wafer Head Stinger Point Screw in Black",TRUE,none,aak_product_data.product_category_components
product_template_14459,14459,Fiberglass Omni Antenna..,TRUE,none,aak_product_data.product_category_components
product_template_14515,14515,Male N LMR-400,TRUE,none,aak_product_data.product_category_components
product_template_15052,15052,Bronze Transition Clamp,TRUE,none,aak_product_data.product_category_components
product_template_15124,15124,KATHREIN TY-900 broadband yagi antenna is specifically designed for professional fixed station applications in the 890 - 960 MHz frequency range. This 7-element yagi antenna has a gain of 12.15 dBi and a maximum power input of 100 watts,TRUE,none,aak_product_data.product_category_components
product_template_15289,15289,Omni Antenna..,TRUE,none,aak_product_data.product_category_components
product_template_15577,15577,Polyphaser,TRUE,none,aak_product_data.product_category_components
product_template_15634,15634,Low profile antennas 0-1000 MHz includes 17 feet of RG58/U cable.,TRUE,none,aak_product_data.product_category_components
product_template_16394,16394,NMO Gaskets - 3pk,TRUE,none,aak_product_data.product_category_components
product_template_16526,16526,N M Crimp,TRUE,none,aak_product_data.product_category_components
product_template_16653,16653,N/F-N/F Bulkhead Receptacle,TRUE,none,aak_product_data.product_category_components
product_template_16826,16826,Polyphaser,TRUE,none,aak_product_data.product_category_components
product_template_16986,16986,"LARSEN 470-490 MHz Mirage low profile unity gain black antenna, 100 watts. Order Motorola/NMO style mount and cable separately.",TRUE,none,aak_product_data.product_category_components
product_template_17174,17174,Right Angle Antenna UHF,TRUE,none,aak_product_data.product_category_components
product_template_17232,17232,BNC/F-BNC/M-BNC/F Tee,TRUE,none,aak_product_data.product_category_components
product_template_17461,17461,The PCTEL Maxrad RBGP magnetic antenna mount is a Motorola-style mobile antenna mount that offers removability. No drilling into the vehicle is required for installation making the location of the magnetic mount easy to adjust.....The vehicle antenna m...,TRUE,none,aak_product_data.product_category_components
product_template_17775,17775,RF INDUSTRIES Mini-UHF female to Mini-UHF male right angle adapter. Square body.,TRUE,none,aak_product_data.product_category_components
product_template_17948,17948,The ROHN R-FR25G flat roof mount is designed to bolt directly to a water-tight and appropriately reinforced flat roof or other similar surface for guyed applications of the ROHN model 25G tower. The R-FR25G is not to be used as a self-supporting base p...,TRUE,none,aak_product_data.product_category_components
product_template_18729,18729,"10"" Exhaust Fan",TRUE,none,aak_product_data.product_category_components
product_template_19594,19594,440-512 Pass Notch Filter,TRUE,none,aak_product_data.product_category_components
product_template_19895,19895,Philips Waferhead Screws (1000 Box),TRUE,none,aak_product_data.product_category_components
product_template_20166,20166,"#8 x 1/2"" in steel HEX Washer Head Screw In, Drill bit TK point 250 pack",TRUE,none,aak_product_data.product_category_components
product_template_20383,20383,"RF INDUSTRIES N female to N female adapter. Silver plated body, gold plated contacts.",TRUE,none,aak_product_data.product_category_components
product_template_20573,20573,"POLYPHASER 125-1000 MHz general coverage flange mnt. protector. 50,000 amps surge <220uJ throughput energy. Power rating based on frequency. NF connectors",TRUE,none,aak_product_data.product_category_components
product_template_21124,21124,UHF-F Adapter..,TRUE,none,aak_product_data.product_category_components
product_template_21140,21140,10A 32V ATC blade type fuse red 100 pack,TRUE,none,aak_product_data.product_category_components
product_template_21180,21180,"8"" Speaker/Volume/Grille",TRUE,none,aak_product_data.product_category_components
product_template_21695,21695,25G Hinged Base Plate,TRUE,none,aak_product_data.product_category_components
product_template_21872,21872,Antenna,TRUE,none,aak_product_data.product_category_components
product_template_22258,22258,"MAXRAD 118-940 MHz 1/4 wave antenna. 250 conti watt, heavy duty 5/16 thread stub contact assembly. Bright chrome. Mates with TAD/TAE, NMO,KD series 3/4 mt",TRUE,none,aak_product_data.product_category_components
product_template_22265,22265,"HAINES PRODUCTS Plastic snap grommet. Inside diameter is 3/4"". Requires 1"" mounting hole. Protects wire from sharp edges in sheet metal. 100 per package.",TRUE,none,aak_product_data.product_category_components
product_template_22373,22373,Mini UHF F Crimp - RG58,TRUE,none,aak_product_data.product_category_components
product_template_22448,22448,"HAINES PRODUCTS 3/8"" nylon cable clamp used to secure wire in automotive and electrical applications. Screw mounting. Black.",TRUE,none,aak_product_data.product_category_components
product_template_22457,22457,Yagi Antenna..,TRUE,none,aak_product_data.product_category_components
product_template_22462,22462,BNC Male (LMR-240),TRUE,none,aak_product_data.product_category_components
product_template_22636,22636,Tone Remote Deskset,TRUE,none,aak_product_data.product_category_components
product_template_22714,22714,Element Yagi Antenna,TRUE,none,aak_product_data.product_category_components
product_template_22741,22741,Pass-reject duplexer,TRUE,none,aak_product_data.product_category_components
product_template_22999,22999,Antenna UHF 449-471..,TRUE,none,aak_product_data.product_category_components
product_template_23151,23151,Pip Mount Kit,TRUE,none,aak_product_data.product_category_components
product_template_23207,23207,Connector,TRUE,none,aak_product_data.product_category_components
product_template_23495,23495,Antenna,TRUE,none,aak_product_data.product_category_components
product_template_23646,23646,Mirror Mount..,TRUE,none,aak_product_data.product_category_components
product_template_24020,24020,UHF F-TNC M Adapter,TRUE,none,aak_product_data.product_category_components
product_template_24294,24294,118-136 Unity Omni Antenna,TRUE,none,aak_product_data.product_category_components
product_template_24591,24591,"8"" PA horn-Weatherproof",TRUE,none,aak_product_data.product_category_components
product_template_24612,24612,"LARSEN trunk gutter mount L bracket for 3/8 inch hole. 2 1/8"" by 2 1/8"" footprint.",TRUE,none,aak_product_data.product_category_components
product_template_24909,24909,Mini ATM 15A Fuse (10 Pack)..,TRUE,none,aak_product_data.product_category_components
product_template_25061,25061,"1"" x 25 yd Velcro",TRUE,none,aak_product_data.product_category_components
product_template_25840,25840,"SPECO 6"" PA horn. 8 ohm, 250-15000 Hz, 15 watt maximum power. Aluminum construction, weatherproof.",TRUE,none,aak_product_data.product_category_components
product_template_25959,25959,The Laird G8PI magnetic antenna mount is a Motorola-style mobile antenna mount that offers removability. No drilling into the vehicle is required for installation making the location of the magnetic mount easy to adjust. The vehicle antenna mount threa...,TRUE,none,aak_product_data.product_category_components
product_template_26367,26367,N Male (25 pack)..,TRUE,none,aak_product_data.product_category_components
product_template_26484,26484,"LAIRD 47-50 MHz DC ground base loaded antenna. Unity gain, 500 watt. 49"" tap- ered whip. Attractive black/chrome coil. Order spring and/or mount separately.",TRUE,none,aak_product_data.product_category_components
product_template_26715,26715,Fiberglass Antenna,TRUE,none,aak_product_data.product_category_components
product_template_26751,26751,SMA F Crimp for RG58,TRUE,none,aak_product_data.product_category_components
product_template_26757,26757,Lug,TRUE,none,aak_product_data.product_category_components
product_template_27046,27046,LMR 400 Ultraflex,TRUE,none,aak_product_data.product_category_components
product_template_27453,27453,Antenna,TRUE,none,aak_product_data.product_category_components
product_template_27572,27572,"AMPHENOL BNC male crimp connector for standard RG58 and RG141 cables. Gold plated, crimped center pin.",TRUE,none,aak_product_data.product_category_components
product_template_27902,27902,Antenna,TRUE,none,aak_product_data.product_category_components
product_template_28013,28013,M PL259..,TRUE,none,aak_product_data.product_category_components
product_template_28094,28094,20' Mast,TRUE,none,aak_product_data.product_category_components
product_template_28600,28600,One-Legged Mount Assembly,TRUE,none,aak_product_data.product_category_components
product_template_28664,28664,The ROHN R-HB25CG adjustable house mounting bracket is designed to enable the mounting of 25G tower sections to the side of a wall or other stable vertical structure. Each hot-dip galvanized steel house mounting bracket allows you to adjust the distanc...,TRUE,none,aak_product_data.product_category_components
product_template_28821,28821,AMPHENOL N male crimp connector for RG-58 cable. Features a .100 dia. gold plated center pin and crimp ferrule...,TRUE,none,aak_product_data.product_category_components
product_template_28858,28858,Contact Cleaner,TRUE,none,aak_product_data.product_category_components
product_template_28909,28909,Brass mount,TRUE,none,aak_product_data.product_category_components
product_template_29248,29248,The CommScope DB365W set of two mounting clamps are designed for mounting an antenna pipe to a wood pole. The clamp jaws fit around poles 1 1/4 to 3 1/2 inches in diameter. The antenna pole mount also will mount to masonry walls up to 10 inches thick. ...,TRUE,none,aak_product_data.product_category_components
product_template_29777,29777,Universal Clamp Set,TRUE,none,aak_product_data.product_category_components
product_template_29867,29867,BNC Female UHF Male Adapter,TRUE,none,aak_product_data.product_category_components
product_template_30868,30868,The ROHN R-25GBRM is a non-penetrating roof mount designed to support ROHN model 25G tower sections. The mount is able to support two (2) sections of 25G tower in a self-supporting application. The base of the mount covers 10-ft² and is equipped with a...,TRUE,none,aak_product_data.product_category_components
product_template_30918,30918,Power Supply..,TRUE,none,aak_product_data.product_category_components
product_template_31679,31679,150-174mhz 9.2db 5 Element Yagi Antenna ..,TRUE,none,aak_product_data.product_category_components
product_template_32013,32013,N F Bulkhead Protector,TRUE,none,aak_product_data.product_category_components
product_template_32110,32110,Coax Cable..,TRUE,none,aak_product_data.product_category_components
product_template_32575,32575,Antenna..,TRUE,none,aak_product_data.product_category_components
product_template_33236,33236,50' Telescoping Mast,TRUE,none,aak_product_data.product_category_components
product_template_33449,33449,UHF Male (LMR-420),TRUE,none,aak_product_data.product_category_components
product_template_33825,33825,"5/8 Wave antenna operates within the VHF frequency range, 144-174 MHz.",TRUE,none,aak_product_data.product_category_components
product_template_34450,34450,Andrew ASP705K 450 - 470 MHz fiberglass collinear omnidirectional antenna features of 10 dB gain.,TRUE,none,aak_product_data.product_category_components
product_template_34594,34594,"A.S. 3/8"" or 3/4"" diameter low profile thick roof mount for up to 1/2"" deep. Accepts low profile and MOSAIC antennas. Has 30' RG58/U cable. NO connector",TRUE,none,aak_product_data.product_category_components
product_template_34932,34932,"MAXRAD 450-470 MHz directional yagi antenna. 5 elem., 9.2dB gain, 300 watt. Direct N connector. Includes mounting hardware...",TRUE,none,aak_product_data.product_category_components
product_template_35065,35065,LMR 240 Flex Cable,TRUE,none,aak_product_data.product_category_components
product_template_35662,35662,"HAINES PRODUCTS 1/4"" nylon cable clamp used to secure wire in automotive and electrical applications. Screw mounting. Black. 100 per package.",TRUE,none,aak_product_data.product_category_components
product_template_35834,35834,"RF INDUSTRIES N male connector for 9913, Lmr400, AND 241543, CUS TL93605. Silver plated body, gold center pin. Crimp center pin, crimp on braid.",TRUE,none,aak_product_data.product_category_components
product_template_35951,35951,LAIRD 152-162 MHz Unity gain 1/4 wave antenna in black. Bras,TRUE,none,aak_product_data.product_category_components
product_template_35985,35985,UHF M Crimp,TRUE,none,aak_product_data.product_category_components
product_template_36323,36323,"450-470 MHz 5/8 wave antenna. 200 watt, 3dB gain, with spring. ",TRUE,none,aak_product_data.product_category_components
product_template_36421,36421,"RF INDUSTRIES N male connector for RG58/U, RG58A/U, RG141, RG58 Ultralink. cable. Silver plated body, gold pin. Crimp center pin, crimp on braid.",TRUE,none,aak_product_data.product_category_components
product_template_36444,36444,"BIRD RF coaxial attenuator. 2 watts, 1dB nominal attenuation. Male N to Female N connector.",TRUE,none,aak_product_data.product_category_components
product_template_36750,36750,The Larsen NMOKFME vehicle roof mount antenna installation hardware kit is a NMO mount for Motorola-style mobile antennas 0-1000 MHz. This nickel-plated stainless steel permanent mount is for a 3/4 inch hole in mounting surfaces...,TRUE,none,aak_product_data.product_category_components
product_template_36856,36856,Fuse Holder ATC,TRUE,none,aak_product_data.product_category_components
product_template_36997,36997,Connector,TRUE,none,aak_product_data.product_category_components
product_template_37145,37145,UHF (450-470MHZ) 10.2DB 6 ELEMENT YAGI ANTENNA,TRUE,none,aak_product_data.product_category_components
product_template_37200,37200,"LAIRD chrome plated stainless steel shock spring for the ""B"" and ""C"" style load coil. Set screws included.",TRUE,none,aak_product_data.product_category_components
product_template_37462,37462,VHF (144-162MHZ) 2.1 DBI FIBERGLASS OMNI ANTENNA,TRUE,none,aak_product_data.product_category_components
product_template_37510,37510,Telewave ANT150F2 omnidirectional antenna operates in the frequency range 148 - 174 MHz. The 2.5 dB gain VHF fiberglass collinear omni antenna can handle 500 watts. Also included is a removable 24 inch RG-213 jumper and features a recessed N female con...,TRUE,none,aak_product_data.product_category_components
product_template_37826,37826,"LARSEN trunk gutter mount L bracket for 3/4 hole. Metal finish . 2 1/8"" by 2 1/8"" footprint.",TRUE,none,aak_product_data.product_category_components
product_template_38190,38190,Side Mount Kit..,TRUE,none,aak_product_data.product_category_components
product_template_38275,38275,"1""X 25YD Velcro",TRUE,none,aak_product_data.product_category_components
product_template_38478,38478,Omni Bast Station Ground Plane Kit,TRUE,none,aak_product_data.product_category_components
product_template_38656,38656,10' 55G Section,TRUE,none,aak_product_data.product_category_components
product_template_39541,39541,QW470 Antenna,TRUE,none,aak_product_data.product_category_components
product_template_39931,39931,N M Connector,TRUE,none,aak_product_data.product_category_components
product_template_40260,40260,LMR 240  Ultraflex,TRUE,none,aak_product_data.product_category_components
product_template_40451,40451,"LARSEN plastic grommet which locks into a 3/4"" hole and has flexible center pieces to hold coax in position. 1/2"" deep, 100 per package.",TRUE,none,aak_product_data.product_category_components
product_template_40482,40482,"VENTEV split loom tubing. . 3/4"" ID Auto-grade tubing for protecting wire harness & cable runs. 50' long Polyethylene. Temp. rating 200 deg F",TRUE,none,aak_product_data.product_category_components
product_template_40756,40756,Polyphaser,TRUE,none,aak_product_data.product_category_components
product_template_40771,40771,Outdoor Cabinet,TRUE,none,aak_product_data.product_category_components
product_template_40819,40819,Laird Y8963 yagi antenna is gold-anodized and fully welded to create a greater gain because of its ability to focus a signal in one direction. This yagi antenna operates in the 896 - 970 MHz frequency range. The Y8963 yagi is 3-elements providing 6 dBd...,TRUE,none,aak_product_data.product_category_components
product_template_40924,40924,LMR-195 Coax Cable,TRUE,none,aak_product_data.product_category_components
product_template_41319,41319,"MAXRAD 27-31 MHz D.C. grounded, base loaded antenna. 500 watt. 1 MHz band- width. Requires less gnd plane area than conventional ant. Fits Motorola mounts.",TRUE,none,aak_product_data.product_category_components
product_template_41822,41822,Andrew Sled Mat,TRUE,none,aak_product_data.product_category_components
product_template_41852,41852,3DB 450-460 UHF Gain Antenna,TRUE,none,aak_product_data.product_category_components
product_template_41981,41981,195-245 MHZ QUAD DIPOLE ANTENNA,TRUE,none,aak_product_data.product_category_components
product_template_42011,42011,Antenna 144-174 1/2 Wave Antenna,TRUE,none,aak_product_data.product_category_components
product_template_42395,42395,Antenna,TRUE,none,aak_product_data.product_category_components
product_template_42576,42576,Antenna,TRUE,none,aak_product_data.product_category_components
product_template_42640,42640,Mag Mount,TRUE,none,aak_product_data.product_category_components
product_template_42661,42661,Rev. Gender SMA/M RG58,TRUE,none,aak_product_data.product_category_components
product_template_42717,42717,MMK4 Mount Clamp,TRUE,none,aak_product_data.product_category_components
product_template_42966,42966,156-162mhz Unity Base Antenna..,TRUE,none,aak_product_data.product_category_components
product_template_43139,43139,Mini UHF C..onnector..,TRUE,none,aak_product_data.product_category_components
product_template_43390,43390,N to BNC Connector..,TRUE,none,aak_product_data.product_category_components
product_template_43839,43839,Polyphaser,TRUE,none,aak_product_data.product_category_components
product_template_43884,43884,152-162  14 Wave Antenna,TRUE,none,aak_product_data.product_category_components
product_template_44039,44039,"10' X 18"" Cable Ladder, Gray",TRUE,none,aak_product_data.product_category_components
product_template_44203,44203,Mini U to PL259,TRUE,none,aak_product_data.product_category_components
product_template_44728,44728,N Female Connector LMR400,TRUE,none,aak_product_data.product_category_components
product_template_45179,45179,Mag Mount,TRUE,none,aak_product_data.product_category_components
product_template_45888,45888,N Female connector,TRUE,none,aak_product_data.product_category_components
product_template_45972,45972,450-470 On Glass Antenna,TRUE,none,aak_product_data.product_category_components
product_template_46097,46097,DE-DC Converter,TRUE,none,aak_product_data.product_category_components
product_template_46135,46135,LMR Fire Retardant,TRUE,none,aak_product_data.product_category_components
product_template_47001,47001,"POLYPHASER 1.5-700 MHz flange mnt. protector 50,000 amps surge <10mJ throughput energy",TRUE,none,aak_product_data.product_category_components
product_template_48042,48042,5 AMP Mini ATM Pigtail,TRUE,none,aak_product_data.product_category_components
product_template_48055,48055,10A Pigtail,TRUE,none,aak_product_data.product_category_components
product_template_48072,48072,ACCELE Mini ATM pigtail fuse. 15 amp 12 per pack.,TRUE,none,aak_product_data.product_category_components
product_template_48079,48079,20 AMP Mini ATM Pigtail,TRUE,none,aak_product_data.product_category_components
product_template_48159,48159,15 Amp Fuse (12 Pack),TRUE,none,aak_product_data.product_category_components
product_template_48166,48166,20A Fuse  12Pk..,TRUE,none,aak_product_data.product_category_components
product_template_48272,48272,Galvanized Plain End Pipe,TRUE,none,aak_product_data.product_category_components
product_template_48343,48343,"LARSEN 800-866 MHz NMO collinear mobile antenna. 3.4dB gain, 200 watts. Order Motorola style mount separately. Black.",TRUE,none,aak_product_data.product_category_components
product_template_48639,48639,Antenna,TRUE,none,aak_product_data.product_category_components
product_template_48843,48843,TNC M Crimp..,TRUE,none,aak_product_data.product_category_components
product_template_49003,49003,"1-5/8"""" Snap-In Hanger Kit",TRUE,none,aak_product_data.product_category_components
product_template_49165,49165,LAIRD 450-470 MHz Unity gain 1/4 wave antenna,TRUE,none,aak_product_data.product_category_components
product_template_49534,49534,Element,TRUE,none,aak_product_data.product_category_components
product_template_49537,49537,Antenna,TRUE,none,aak_product_data.product_category_components
product_template_49614,49614,Antenna,TRUE,none,aak_product_data.product_category_components
product_template_49635,49635,BNC MALE CRIMP CONNECTOR..,TRUE,none,aak_product_data.product_category_components
product_template_50155,50155,Side Mount Kit,TRUE,none,aak_product_data.product_category_components
product_template_50805,50805,Antenna,TRUE,none,aak_product_data.product_category_components
product_template_51124,51124,"RF INDUSTRIES N female connector for RG8/X, Belden 9258, Micro 8/U, Remee 1600, Times LMR240 coaxial cables. Silver body, gold pin. Crimp style.",TRUE,none,aak_product_data.product_category_components
product_template_52358,52358,"GAI-TRONICS programming cable for ITR2000/2300, IPE2500, ITI6000, IRC3000, ITD2000A/3000A, amplified speakers.",TRUE,none,aak_product_data.product_category_components
product_template_52387,52387,Connector,TRUE,none,aak_product_data.product_category_components
product_template_52400,52400,"ICT switching voltage converter. 20-30 VDC input, 13.8 VDC output. 13.5 amps continuous, 15.0 amps maximum/..",TRUE,none,aak_product_data.product_category_components
product_template_52719,52719,"#8X1/2"" Waferhead",TRUE,none,aak_product_data.product_category_components
product_template_52885,52885,Junction Box..,TRUE,none,aak_product_data.product_category_components
product_template_53350,53350,1/4 Split Loom,TRUE,none,aak_product_data.product_category_components
product_template_53671,53671,Magnetic Mount with Mini UHF Connector,TRUE,none,aak_product_data.product_category_components
product_template_53682,53682,3db Gain Fiberglass Antenna..,TRUE,none,aak_product_data.product_category_components
product_template_53696,53696,1/2in 20ft Split Loom Wire Flexible Tubing..,TRUE,none,aak_product_data.product_category_components
product_template_54680,54680,N Male Connector..,TRUE,none,aak_product_data.product_category_components
product_template_54760,54760,Base-loaded 5/8 wave antenna with spring,TRUE,none,aak_product_data.product_category_components
product_template_54771,54771,"PL259M Crimp-On, RG58",TRUE,none,aak_product_data.product_category_components
product_template_54811,54811,806-866 5db Antenna,TRUE,none,aak_product_data.product_category_components
product_template_54839,54839,LAIRD 450-470 MHz base loaded 5 dB 5/8 over 5/8 wave antenna with spring. 200 watts. Order mount separately.,TRUE,none,aak_product_data.product_category_components
product_template_54919,54919,N Male (LMR-240),TRUE,none,aak_product_data.product_category_components
product_template_55234,55234,30HX23WX25D IN Cabinet Indoor Cream,TRUE,none,aak_product_data.product_category_components
product_template_55676,55676,"DECIBEL mounting clamp kit. Fits round member up to 3 1/2"" OD. Angle members up to 3"" on a side. (Set of two). Dual single-bolt configuration...",TRUE,none,aak_product_data.product_category_components
product_template_56159,56159,1/32nd inch Solder Tip..,TRUE,none,aak_product_data.product_category_components
product_template_56180,56180,Antenna,TRUE,none,aak_product_data.product_category_components
product_template_56237,56237,LAIRD Trunk lid mount. Low profile mount complete with 17 feet RG58U coaxial cable. Order connector separately.,TRUE,none,aak_product_data.product_category_components
product_template_56313,56313,"1/2"" LMR-00 Fire Retardant",TRUE,none,aak_product_data.product_category_components
product_template_56400,56400,450-470 MHZ 10DB 6 ELEMENT YAGI ANTENNA,TRUE,none,aak_product_data.product_category_components
product_template_56570,56570,"5/8"" Loom (100 ft)..",TRUE,none,aak_product_data.product_category_components
product_template_56604,56604,N M to UHF Connector....,TRUE,none,aak_product_data.product_category_components
product_template_56820,56820,"RF INDUSTRIES N male connector for RG58/U, RG58A/U, RG141 and Ultralink cable. Silver plated body, gold pin. Solder center pin, clamp on braid.",TRUE,none,aak_product_data.product_category_components
product_template_56866,56866,10FT Tower Sections 25G,TRUE,none,aak_product_data.product_category_components
product_template_56962,56962,Antenna,TRUE,none,aak_product_data.product_category_components
product_template_57015,57015,Yagi Antenna 450-470 9db 5 Element..,TRUE,none,aak_product_data.product_category_components
product_template_57195,57195,Fender Mount..,TRUE,none,aak_product_data.product_category_components
product_template_57584,57584,Bird APM-16,TRUE,none,aak_product_data.product_category_components
product_template_57619,57619,406-512 MHz 2 Channel Combiner Hybrid,TRUE,none,aak_product_data.product_category_components
product_template_58407,58407,Electrical Tape,TRUE,none,aak_product_data.product_category_components
product_template_58559,58559,Hex washer head TEK screw #8x3/4  (250 pk),TRUE,none,aak_product_data.product_category_components
product_template_58776,58776,N Male-N Male Adapter..,TRUE,none,aak_product_data.product_category_components
product_template_58794,58794,TNC Connector..,TRUE,none,aak_product_data.product_category_components
product_template_58957,58957,Banjo Test Jig..,TRUE,none,aak_product_data.product_category_components
product_template_58966,58966,"POLYPHASER 125-1000 MHz general coverage flange mount. Max surge 50,000 amp. 600 VDC turn on. N female on equipment port, N male on antenna port.",TRUE,none,aak_product_data.product_category_components
product_template_59004,59004,144-174 No Ground Antenna - 1/2 Wave,TRUE,none,aak_product_data.product_category_components
product_template_59311,59311,DC-DC Connector,TRUE,none,aak_product_data.product_category_components
product_template_59517,59517,UHF Right Angle,TRUE,none,aak_product_data.product_category_components
product_template_59533,59533,15A 32V Plastic ATC blade type fuse light blue 100 pack,TRUE,none,aak_product_data.product_category_components
product_template_59716,59716,UHF Female,TRUE,none,aak_product_data.product_category_components
product_template_59787,59787,RG-142,TRUE,none,aak_product_data.product_category_components
product_template_60042,60042,BC R/A Adapter..,TRUE,none,aak_product_data.product_category_components
product_template_60117,60117,15AMP ATC FUSE..,TRUE,none,aak_product_data.product_category_components
product_template_60212,60212,ATC Fuse Assortment,TRUE,none,aak_product_data.product_category_components
product_template_60605,60605,Antenna Whip,TRUE,none,aak_product_data.product_category_components
product_template_60639,60639,SMA Female to BNC Female Adapter,TRUE,none,aak_product_data.product_category_components
product_template_60656,60656,"LAIRD Black chrome plated magnetic mt with 12 feet RG58A/U cable, no connector and black rubber boot to protect car surfaces.",TRUE,none,aak_product_data.product_category_components
product_template_60917,60917,"3/4"" Loom 100' Roll..",TRUE,none,aak_product_data.product_category_components
product_template_61036,61036,Belden 8214 RG8/U coax,TRUE,none,aak_product_data.product_category_components
product_template_61089,61089,"3/4in Straight Bracket, Chrome",TRUE,none,aak_product_data.product_category_components
product_template_61107,61107,Laird FG4700 unity gain fiberglass omnidirectional antenna operates in the 470…,TRUE,none,aak_product_data.product_category_components
product_template_61204,61204,UHF M  Connector,TRUE,none,aak_product_data.product_category_components
product_template_61291,61291,BNC F Bulkhead connector..,TRUE,none,aak_product_data.product_category_components
product_template_61583,61583,Mini ATM Fuse 15A,TRUE,none,aak_product_data.product_category_components
product_template_61600,61600,"Mini-UHF male connector for RG58/U, RG58A/U, RG141 and Ultralink cable.",TRUE,none,aak_product_data.product_category_components
product_template_62035,62035,Fuse Holder 10g - 10 Pack,TRUE,none,aak_product_data.product_category_components
product_template_62099,62099,Yagi Antenna,TRUE,none,aak_product_data.product_category_components
product_template_62305,62305,Mirror Mount Kit,TRUE,none,aak_product_data.product_category_components
product_template_62413,62413,TNC F to UHF,TRUE,none,aak_product_data.product_category_components
product_template_62446,62446,DB224-E Dipole Base Antenna,TRUE,none,aak_product_data.product_category_components
product_template_62759,62759,Cable Ties - 4 X 1/16,TRUE,none,aak_product_data.product_category_components
product_template_62952,62952,"POLYPHASER 10-1000 MHz general coverage bulkhead mnt. protector. 50,000 amps surge. 220uJ throughput energy.Powr based on freq. N male on equipment port.",TRUE,none,aak_product_data.product_category_components
product_template_62971,62971,450-470 MHz Unity Gain Ground Plan Antenna Folded Dipole Antenna,TRUE,none,aak_product_data.product_category_components
product_template_62984,62984,External Speaker,TRUE,none,aak_product_data.product_category_components
product_template_63302,63302,Mini ATM  Fuses 20amp..,TRUE,none,aak_product_data.product_category_components
product_template_63316,63316,450-470 No Ground Antenna,TRUE,none,aak_product_data.product_category_components
product_template_63434,63434,Power Supply Samlex SEC1212-SM,TRUE,none,aak_product_data.product_category_components
product_template_63454,63454,Velcro Loop..,TRUE,none,aak_product_data.product_category_components
product_template_63823,63823,"POLYPHASER Universal Grounding Kit. Fits coaxial/elliptical lines from 1/4"" to 2.0"". Includes weatherproofing. Joins copper cable to tower.",TRUE,none,aak_product_data.product_category_components
product_template_64365,64365,3db UHF Antenna..,TRUE,none,aak_product_data.product_category_components
product_template_64582,64582,"Antenna, Laird..",TRUE,none,aak_product_data.product_category_components
product_template_64760,64760,BNC Connector (10 Pack)..,TRUE,none,aak_product_data.product_category_components
product_template_65143,65143,DB408 Antenna..,TRUE,none,aak_product_data.product_category_components
product_template_65305,65305,Noise Filter,TRUE,none,aak_product_data.product_category_components
product_template_65724,65724,The Laird FM1 stainless steel U-bolt mounts are for mounting fiberglass base antennas. This light duty U-bolt will fit 1 to 1 7/8 inch diameter pipe. This antenna mount U-bolt includes only one U-bolt.,TRUE,none,aak_product_data.product_category_components
product_template_65782,65782,3DB 460-470 UHF Gain Antenna,TRUE,none,aak_product_data.product_category_components
product_template_65935,65935,Polyphaser,TRUE,none,aak_product_data.product_category_components
product_template_66028,66028,Black 1/4 Wave Antenna,TRUE,none,aak_product_data.product_category_components
product_template_66043,66043,Mag Mount,TRUE,none,aak_product_data.product_category_components
product_template_66392,66392,3 DB Antenna,TRUE,none,aak_product_data.product_category_components
product_template_66659,66659,Clamp,TRUE,none,aak_product_data.product_category_components
product_template_67065,67065,Connector,TRUE,none,aak_product_data.product_category_components
product_template_67184,67184,Polyphaser....,TRUE,none,aak_product_data.product_category_components
product_template_67290,67290,"The Andrew Solutions DB5001-SP5 antenna side mount kit is for mounting Andrew antennas DB222, DB224, DB264, DB314, and DB315. This antenna mounting kit features galvanized steel construction and stainless steel hardware. The side mount kit bracket will...",TRUE,none,aak_product_data.product_category_components
product_template_67409,67409,Omni Antenna,TRUE,none,aak_product_data.product_category_components
product_template_67546,67546,"42"" H X 23"" W X 17"" D Indoor Cabinet",TRUE,none,aak_product_data.product_category_components
product_template_67641,67641,DB370 Mount Clamps..,TRUE,none,aak_product_data.product_category_components
product_template_68260,68260,UHF F/ BNC M,TRUE,none,aak_product_data.product_category_components
product_template_68433,68433,"POLYPHASER 125-1000 MHz general coverage bulkhead mnt. protector. 50,000 amps surge. <800uJ throughput energy. Power based on freq. N male on antenna port...",TRUE,none,aak_product_data.product_category_components
product_template_68460,68460,LAIRD 470-490 MHz 10.2dB gold yagi antenna. 9.2 dB gain 300 watt. Direct N female termination. Mounting hardware included. Gold anodized for long life.,TRUE,none,aak_product_data.product_category_components
product_template_68593,68593,Low Profile Antenna,TRUE,none,aak_product_data.product_category_components
product_template_68677,68677,NF Crimp - RG223/400,TRUE,none,aak_product_data.product_category_components
product_template_68860,68860,Heavy Duty Crimper..,TRUE,none,aak_product_data.product_category_components
product_template_69195,69195,Mag Mount,TRUE,none,aak_product_data.product_category_components
product_template_69293,69293,Fiberglass Antenna Mounting Kit,TRUE,none,aak_product_data.product_category_components
product_template_69382,69382,Mini UHF Barrel,TRUE,none,aak_product_data.product_category_components
product_template_69387,69387,Mirage Antenna,TRUE,none,aak_product_data.product_category_components
product_template_69818,69818,N F to UHF Female..,TRUE,none,aak_product_data.product_category_components
product_template_69907,69907,PL259 Connector,TRUE,none,aak_product_data.product_category_components
product_template_69945,69945,"24"" Wall Mount..",TRUE,none,aak_product_data.product_category_components
product_template_70072,70072,Yagi Antenna..,TRUE,none,aak_product_data.product_category_components
product_template_70080,70080,"18"" X 2.25"" OD PIPE FOR 25G TOWER TOP SECTION",TRUE,none,aak_product_data.product_category_components
product_template_70176,70176,Low Profile Antenna - 450 mhz..,TRUE,none,aak_product_data.product_category_components
product_template_70285,70285,UHF Gain Base Station Antenna....,TRUE,none,aak_product_data.product_category_components
product_template_70337,70337,FME F crimp RG58/U,TRUE,none,aak_product_data.product_category_components
product_template_70393,70393,Cell Flex Cable..,TRUE,none,aak_product_data.product_category_components
product_template_70503,70503,RG58 Coax Cable,TRUE,none,aak_product_data.product_category_components
product_template_70924,70924,"POLYPHASER DC to 2.4 GHZ repl. gas tube lightning arrestor. Passes up to +/- 60 VDC, 10A max. Bi-directional. Bulkhead mount. N/F on both sides.",TRUE,none,aak_product_data.product_category_components
product_template_71504,71504,Universal Angle Adapter,TRUE,none,aak_product_data.product_category_components
product_template_71823,71823,Power Supply,TRUE,none,aak_product_data.product_category_components
product_template_71856,71856,Mag Mount Antenna,TRUE,none,aak_product_data.product_category_components
product_template_71998,71998,406-512 3db Exposed Dipole Antenna..,TRUE,none,aak_product_data.product_category_components
product_template_72604,72604,RF Industries - BNC/F - SMA/F Adapter,TRUE,none,aak_product_data.product_category_components
product_template_73174,73174,300-650 4Ch Combiner,TRUE,none,aak_product_data.product_category_components
product_template_73329,73329,LMR-240MA Low Loss Flex Cable,TRUE,none,aak_product_data.product_category_components
product_template_73357,73357,Antenna,TRUE,none,aak_product_data.product_category_components
product_template_73361,73361,DB420-B,TRUE,none,aak_product_data.product_category_components
product_template_73565,73565,"RF INDUSTRIES' RFN-1002-1SI N Male connector for Belden 9913, 9914",TRUE,none,aak_product_data.product_category_components
product_template_73818,73818,Runway Wall Support,TRUE,none,aak_product_data.product_category_components
product_template_74131,74131,"1/2"" Loom 100' Roll..",TRUE,none,aak_product_data.product_category_components
product_template_74546,74546,Runway Junction Kit,TRUE,none,aak_product_data.product_category_components
product_template_74814,74814,N F Connector..,TRUE,none,aak_product_data.product_category_components
product_template_74915,74915,"PCTEL 144-174 MHz omnidirectional base station antenna. Unity gain, 250 watt. Direct UHF female termination. Includes mounting hardware.",TRUE,none,aak_product_data.product_category_components
product_template_75249,75249,ATC Fuse Holder,TRUE,none,aak_product_data.product_category_components
product_template_75644,75644,Mini UHF M to SO239 Connector..,TRUE,none,aak_product_data.product_category_components
product_template_75855,75855,Antenna..,TRUE,none,aak_product_data.product_category_components
product_template_75862,75862,13 Piece Drill Set,TRUE,none,aak_product_data.product_category_components
product_template_75945,75945,N Female Crimp-LMR200,TRUE,none,aak_product_data.product_category_components
product_template_76219,76219,L Bracket,TRUE,none,aak_product_data.product_category_components
product_template_76282,76282,Pass Reject Duplexer,TRUE,none,aak_product_data.product_category_components
product_template_76377,76377,Antenna..,TRUE,none,aak_product_data.product_category_components
product_template_76668,76668,Velcro Hook..,TRUE,none,aak_product_data.product_category_components
product_template_77167,77167,Mirror Mount Kit,TRUE,none,aak_product_data.product_category_components
product_template_77168,77168,#6 Str. Green Insul Wire,TRUE,none,aak_product_data.product_category_components
product_template_78529,78529,"1/2"" Loom - 100ft  Roll..",TRUE,none,aak_product_data.product_category_components
product_template_78815,78815,MB8U Vehicle Roof Mount Antenna,TRUE,none,aak_product_data.product_category_components
product_template_78861,78861,"PCTEL MFB4603 is a 3 dBd gain fiberglass omnidirectional antenna operating in the 460 - 470 MHz frequency range. This UHF omni antenna has a power input of 250 watts, is DC grounded and terminated with an N male connector at the end of a 16 inch jumper...",TRUE,none,aak_product_data.product_category_components
product_template_78875,78875,1inch 20ft Split Loom Wire Flexible Tubing..,TRUE,none,aak_product_data.product_category_components
product_template_78996,78996,VHF ANTENNA..,TRUE,none,aak_product_data.product_category_components
product_template_79242,79242,"LARSEN 806-896 MHz NMO black unity gain base loaded quarterwave antenna only Order desired NMO 3/4"" mount separately.",TRUE,none,aak_product_data.product_category_components
product_template_79280,79280,"Andrew DB630-C omni antenna operates in the frequency range 450 - 482 MHz. This unity gain UHF antenna features a rugged, durable design with a heavy duty radome for minimum tip deflection. The antenna is capable of being inverted. The antenna is termi...",TRUE,none,aak_product_data.product_category_components
product_template_79784,79784,L Bracket,TRUE,none,aak_product_data.product_category_components
product_template_80245,80245,Antenna,TRUE,none,aak_product_data.product_category_components
product_template_80271,80271,25G Adjustable House Bracket..,TRUE,none,aak_product_data.product_category_components
product_template_80421,80421,Antenna,TRUE,none,aak_product_data.product_category_components
product_template_80428,80428,N M Crimp,TRUE,none,aak_product_data.product_category_components
product_template_80458,80458,FME/M-UHF/M Adapter,TRUE,none,aak_product_data.product_category_components
product_template_80534,80534,TNC M Crimp,TRUE,none,aak_product_data.product_category_components
product_template_80559,80559,4 Line Tone Remote,TRUE,none,aak_product_data.product_category_components
product_template_80635,80635,Max G Magnetic Mount with UHF Connector.,TRUE,none,aak_product_data.product_category_components
product_template_80763,80763,"10 1/2"" Whip..LAIRD 450-470 MHz base loaded 1/2 wave 2.4 dB, 200 watts, no ground plane, black antenna with spring. Order mount separately.",TRUE,none,aak_product_data.product_category_components
product_template_81028,81028,800 MHZ Antenna,TRUE,none,aak_product_data.product_category_components
product_template_81033,81033,Scanner Antenna..,TRUE,none,aak_product_data.product_category_components
product_template_81359,81359,MFB1563 Antenna..,TRUE,none,aak_product_data.product_category_components
product_template_81584,81584,Mini-UHF Male/N Female,TRUE,none,aak_product_data.product_category_components
product_template_81647,81647,"Polyphaser for Lowband, Highband and UHF",TRUE,none,aak_product_data.product_category_components
product_template_81783,81783,N F to BNC M Adapter,TRUE,none,aak_product_data.product_category_components
product_template_81918,81918,"5"" Trumpet Speaker",TRUE,none,aak_product_data.product_category_components
product_template_82562,82562,Avionics Antenna..,TRUE,none,aak_product_data.product_category_components
product_template_83032,83032,NF Connector RG58....,TRUE,none,aak_product_data.product_category_components
product_template_83159,83159,Wall Bracket..,TRUE,none,aak_product_data.product_category_components
product_template_83286,83286,Yagi Antenna,TRUE,none,aak_product_data.product_category_components
product_template_83522,83522,"Black 3/4"" Cable Clamp..",TRUE,none,aak_product_data.product_category_components
product_template_84136,84136,"5/8 Wave antenna with spring operates within the VHF frequency range, 144-174 MHz.",TRUE,none,aak_product_data.product_category_components
product_template_84145,84145,"POLYPHASER 1.5-700 MHz general coverage flange mnt. protector. 50,000 amps surge <10mJ throughput. Power rating based on frequency. UHF female conn.",TRUE,none,aak_product_data.product_category_components
product_template_84913,84913,BNC/M-RCA/F Adapter,TRUE,none,aak_product_data.product_category_components
product_template_85411,85411,450-470mhz Rack Mount Duplexer..,TRUE,none,aak_product_data.product_category_components
product_template_85472,85472,"NMO 3/4"" Mount, No Conn.",TRUE,none,aak_product_data.product_category_components
product_template_85487,85487,Rain cap NMOCAPB,TRUE,none,aak_product_data.product_category_components
product_template_85512,85512,Universal Clamp Set,TRUE,none,aak_product_data.product_category_components
product_template_85513,85513,RF Adaptor Kit..,TRUE,none,aak_product_data.product_category_components
product_template_85836,85836,450-470 Mirage II Antenna,TRUE,none,aak_product_data.product_category_components
product_template_86470,86470,Connector,TRUE,none,aak_product_data.product_category_components
product_template_86640,86640,Mini ATM Fuse Kit,TRUE,none,aak_product_data.product_category_components
product_template_86672,86672,"LMR600 1/2"" Foam Cable",TRUE,none,aak_product_data.product_category_components
product_template_86760,86760,Connector..,TRUE,none,aak_product_data.product_category_components
product_template_87168,87168,Mag Mount,TRUE,none,aak_product_data.product_category_components
product_template_87278,87278,450-470 12/25db Yagi Antenna,TRUE,none,aak_product_data.product_category_components
product_template_87330,87330,Adapter Converter Kit..,TRUE,none,aak_product_data.product_category_components
product_template_87345,87345,"1/4"" Loom",TRUE,none,aak_product_data.product_category_components
product_template_87791,87791,UHF Male LMR-400,TRUE,none,aak_product_data.product_category_components
product_template_87818,87818,BMLPV450 Antenna..,TRUE,none,aak_product_data.product_category_components
product_template_87930,87930,"MAXRAD 450-470 MHz 5/8 wave, 200 watt, 3dB gain. No spring. Order desired Motorola type mount separately.",TRUE,none,aak_product_data.product_category_components
product_template_88028,88028,BNC Male Crimp - RG58,TRUE,none,aak_product_data.product_category_components
product_template_88229,88229,"1-1/4"" OD x 60"" Long 16g steel mast- Plain End Pipe",TRUE,none,aak_product_data.product_category_components
product_template_88463,88463,Fuse Holder 18g   - 10 Pack,TRUE,none,aak_product_data.product_category_components
product_template_88586,88586,Wattmeter W/Element N connectors,TRUE,none,aak_product_data.product_category_components
product_template_88709,88709,Antenna,TRUE,none,aak_product_data.product_category_components
product_template_88844,88844,400-480 MHZ Notch Reject Mobile Duplexer,TRUE,none,aak_product_data.product_category_components
product_template_88874,88874,DB224 Antenna..,TRUE,none,aak_product_data.product_category_components
product_template_89263,89263,5DB Fiberglass 460-470,TRUE,none,aak_product_data.product_category_components
product_template_89584,89584,Mototrbo Hood,TRUE,none,aak_product_data.product_category_components
product_template_89695,89695,LMR200 Flex Cable,TRUE,none,aak_product_data.product_category_components
product_template_90123,90123,Andrew DB222-A exposed dipole quasi-omnidirectional antenna operates in the frequency range 150 - 158 Mhz. This VHF field adjustable dipole antenna has a maximum power input of 500 watts. A harness with N male connection is included along with the DB36...,TRUE,none,aak_product_data.product_category_components
product_template_90425,90425,Antenna,TRUE,none,aak_product_data.product_category_components
product_template_90428,90428,40-47 MHz DC grounded base loaded quarterwave antenna. 500 watts. 4 MHz bandwidth.,TRUE,none,aak_product_data.product_category_components
product_template_90762,90762,Bullet Connector..,TRUE,none,aak_product_data.product_category_components
product_template_90979,90979,"3/4"" hole stainless steel trunk Groove bracket and self tap screws",TRUE,none,aak_product_data.product_category_components
product_template_91112,91112,"#8x3/4"" Screw (box of 250)..",TRUE,none,aak_product_data.product_category_components
product_template_91538,91538,"UHF Male Crimp-RG58,RG141,LMR200",TRUE,none,aak_product_data.product_category_components
product_template_91624,91624,10' 65G Section,TRUE,none,aak_product_data.product_category_components
product_template_91743,91743,3/8 x 100 Loom..,TRUE,none,aak_product_data.product_category_components
product_template_92089,92089,"3/8"" Split Loom",TRUE,none,aak_product_data.product_category_components
product_template_92560,92560,430-450 MHZ Blk Unity 1/4,TRUE,none,aak_product_data.product_category_components
product_template_92785,92785,Laird FR450 3 dBi fiberglass omnidirectional antenna operates in the 450 - 470 MHz frequency range. This UHF omni antenna had a 12 inch lead made of Ultralink cable and terminated with an N female connector. Maximum power input is 150 watts. Mounting h...,TRUE,none,aak_product_data.product_category_components
product_template_92926,92926,MLB2700..,TRUE,none,aak_product_data.product_category_components
product_template_92951,92951,Top Section Tower,TRUE,none,aak_product_data.product_category_components
product_template_93590,93590,MCX Male Right Angle Connector..,TRUE,none,aak_product_data.product_category_components
product_template_93612,93612,Polyphaser,TRUE,none,aak_product_data.product_category_components
product_template_93622,93622,"LARSEN 406-420 MHz omnidirectional base station antenna. 4.5dB gain, 150 watt. Direct UHF female term. Includes mounting hardware.",TRUE,none,aak_product_data.product_category_components
product_template_93627,93627,Equipment Cabinet,TRUE,none,aak_product_data.product_category_components
product_template_94069,94069,DB365-SP5 Mounting clamp,TRUE,none,aak_product_data.product_category_components
product_template_94183,94183,Unity VHF Antenna..,TRUE,none,aak_product_data.product_category_components
product_template_94573,94573,3DB Base Antenna 150-156,TRUE,none,aak_product_data.product_category_components
product_template_94997,94997,N F to UHF M Connector..,TRUE,none,aak_product_data.product_category_components
product_template_95355,95355,LAIRD 806-866 MHz Phantom 3 dB low visibility white antenna. Order Motorola style mount and cable separately.,TRUE,none,aak_product_data.product_category_components
product_template_95820,95820,Mini-UHF Male for LMR240..,TRUE,none,aak_product_data.product_category_components
product_template_96508,96508,"1-1/4"" ODx120"" Long-Plain End Pipe",TRUE,none,aak_product_data.product_category_components
product_template_97169,97169,N F T Adapter,TRUE,none,aak_product_data.product_category_components
product_template_97359,97359,Polyphaser,TRUE,none,aak_product_data.product_category_components
product_template_97729,97729,Base Station Antenna Adaptor Kit,TRUE,none,aak_product_data.product_category_components
product_template_98980,98980,Spade Terminal  Blue #10..,TRUE,none,aak_product_data.product_category_components
product_template_98998,98998,Mirror Mount..,TRUE,none,aak_product_data.product_category_components
product_template_99044,99044,Antenna,TRUE,none,aak_product_data.product_category_components
product_template_99243,99243,Yagi Antenna 450-470,TRUE,none,aak_product_data.product_category_components
product_template_99931,99931,BNC Male Crimp,TRUE,none,aak_product_data.product_category_components
product_template_200148,200148,N M Connector,TRUE,none,aak_product_data.product_category_components
product_template_201208,201208,Antenna,TRUE,none,aak_product_data.product_category_components
product_template_201437,201437,Fusion 5X2.0 Omni/Ultra Thin Kit,TRUE,none,aak_product_data.product_category_components
product_template_202030,202030,Universal Barrel Cushion,TRUE,none,aak_product_data.product_category_components
product_template_202227,202227,UPS Power Module,TRUE,none,aak_product_data.product_category_components
product_template_204484,204484,Solar Kit,TRUE,none,aak_product_data.product_category_components
product_template_204755,204755,Ground Rod Clamp,TRUE,none,aak_product_data.product_category_components
product_template_204968,204968,BASE STATION MTG KIT,TRUE,none,aak_product_data.product_category_components
product_template_205932,205932,Plenum Rated Coax Cable,TRUE,none,aak_product_data.product_category_components
product_template_206015,206015,SMA to LMR240 Connector,TRUE,none,aak_product_data.product_category_components
product_template_206904,206904,"DC-4GHz, 5W, 15dB, NM-NF Attenuator",TRUE,none,aak_product_data.product_category_components
product_template_207177,207177,3/8 Thru hole NMO Mount,TRUE,none,aak_product_data.product_category_components
product_template_208991,208991,12-24 Screw..,TRUE,none,aak_product_data.product_category_components
product_template_211112,211112,"150 – 160 MHz mobile duplexer, 50 W, 70 dB isolation, 4.6 – 6 MHz separation, 1.2 dB maximum insertion loss, N Female termination",TRUE,none,aak_product_data.product_category_components
product_template_211159,211159,Fiberglass Omni Antenna,TRUE,none,aak_product_data.product_category_components
product_template_211462,211462,CriticalPoint BBU 100-240VAC,TRUE,none,aak_product_data.product_category_components
product_template_212616,212616,Power Divider,TRUE,none,aak_product_data.product_category_components
product_template_212972,212972,Crimps,TRUE,none,aak_product_data.product_category_components
product_template_213651,213651,ICT12-20 Power Supply,TRUE,none,aak_product_data.product_category_components
product_template_213861,213861,450-470MHz Phantom Elite UHF Antenna NGP,TRUE,none,aak_product_data.product_category_components
product_template_213894,213894,Power Supply,TRUE,none,aak_product_data.product_category_components
product_template_213919,213919,3' LMFR-400 N Male-N Male,TRUE,none,aak_product_data.product_category_components
product_template_215668,215668,"1/2"" ONE H CONDUIT STRAP",TRUE,none,aak_product_data.product_category_components
product_template_216193,216193,N to N F Bulkhead,TRUE,none,aak_product_data.product_category_components
product_template_216282,216282,N/M Male for LMR240,TRUE,none,aak_product_data.product_category_components
product_template_216827,216827,"Ultra Low Profile, Low Pim Indoor Ceiling Mount Antenna",TRUE,none,aak_product_data.product_category_components
product_template_217282,217282,"Outdoor Directional Yagi Ant, 450-512MHz",TRUE,none,aak_product_data.product_category_components
product_template_217370,217370,APC Backup UPS,TRUE,none,aak_product_data.product_category_components
product_template_218063,218063,25A Power Supply,TRUE,none,aak_product_data.product_category_components
product_template_218516,218516,"Mobile Duplexer....Non-cancellable, non-returnable",TRUE,none,aak_product_data.product_category_components
product_template_220087,220087,N-Male Connector,TRUE,none,aak_product_data.product_category_components
product_template_220166,220166,400-500 MHZ UHF YAGI ANTENNA,TRUE,none,aak_product_data.product_category_components
product_template_220372,220372,Tape Measure,TRUE,none,aak_product_data.product_category_components
product_template_220502,220502,"DC-4GHz, 5W, 20dB, NM-NF Attenuator",TRUE,none,aak_product_data.product_category_components
product_template_220521,220521,1/2 in Plenum Air Red Cable,TRUE,none,aak_product_data.product_category_components
product_template_222204,222204,Power Supply,TRUE,none,aak_product_data.product_category_components
