id,parent_id:id,name
product_category_components,product.product_category_all,Components
product_category_kenwood,product.product_category_all,Kenwood
product_category_kenwood_components,product_category_kenwood,Components
product_category_kenwood_lmr_dealer,product_category_kenwood,LMR Dealer
product_category_kenwood_lmr_dealer_components,product_category_kenwood_lmr_dealer,Components
product_category_motorola,product.product_category_all,Motorola
product_category_motorola_commercial,product_category_motorola,Commercial
product_category_motorola_professional,product_category_motorola,Professional
product_category_motorola_commercial_accessories,product_category_motorola_commercial,Accessories
product_category_motorola_commercial_accessories_portable_antennas,product_category_motorola_commercial_accessories,Portable Antennas
product_category_motorola_commercial_accessories_batteries,product_category_motorola_commercial_accessories,Batteries
product_category_motorola_commercial_accessories_carry_cases,product_category_motorola_commercial_accessories,Carry Cases
product_category_motorola_commercial_accessories_chargers,product_category_motorola_commercial_accessories,Chargers
product_category_motorola_commercial_accessories_ear_pieces,product_category_motorola_commercial_accessories,Ear Pieces
product_category_motorola_commercial_accessories_headsets,product_category_motorola_commercial_accessories,Headsets
product_category_motorola_commercial_accessories_microphones,product_category_motorola_commercial_accessories,Microphones
product_category_motorola_commercial_accessories_portable_service_tools,product_category_motorola_commercial_accessories,Portable Service Tools
product_category_motorola_commercial_accessories_call_boxes,product_category_motorola_commercial_accessories,Call Boxes
product_category_motorola_commercial_accessories_mobile_antennas,product_category_motorola_commercial_accessories,Mobile Antennas
product_category_motorola_commercial_accessories_mobile_microphones,product_category_motorola_commercial_accessories,Mobile Microphones
product_category_motorola_commercial_accessories_mobile_service_tools,product_category_motorola_commercial_accessories,Mobile Service Tools
product_category_motorola_commercial_accessories_general_mobile_accessories,product_category_motorola_commercial_accessories,General Mobile Accessories
product_category_motorola_commercial_accessories_general_mobile_accessories_control_stations,product_category_motorola_commercial_accessories_general_mobile_accessories,Control Stations
product_category_motorola_commercial_accessories_general_mobile_accessories_general,product_category_motorola_commercial_accessories_general_mobile_accessories,General
product_category_motorola_commercial_accessories_general_mobile_accessories_handsfree,product_category_motorola_commercial_accessories_general_mobile_accessories,Handsfree
product_category_motorola_commercial_accessories_general_mobile_accessories_power_cables,product_category_motorola_commercial_accessories_general_mobile_accessories,Power Cables
product_category_motorola_commercial_accessories_general_mobile_accessories_mounting,product_category_motorola_commercial_accessories_general_mobile_accessories,Mounting
product_category_motorola_commercial_accessories_general_mobile_accessories_public_address,product_category_motorola_commercial_accessories_general_mobile_accessories,Public Address
product_category_motorola_commercial_accessories_vxevx_accessories,product_category_motorola_commercial_accessories,VXEVX Accessories
product_category_motorola_commercial_accessories_vxevx_accessories_portable_antennas,product_category_motorola_commercial_accessories_vxevx_accessories,Portable Antennas
product_category_motorola_commercial_accessories_vxevx_accessories_batteries,product_category_motorola_commercial_accessories_vxevx_accessories,Batteries
product_category_motorola_commercial_accessories_vxevx_accessories_carry_cases,product_category_motorola_commercial_accessories_vxevx_accessories,Carry Cases
product_category_motorola_commercial_accessories_vxevx_accessories_chargers,product_category_motorola_commercial_accessories_vxevx_accessories,Chargers
product_category_motorola_commercial_accessories_vxevx_accessories_headsets_and_surveillance,product_category_motorola_commercial_accessories_vxevx_accessories,Headsets and Surveillance
product_category_motorola_commercial_accessories_vxevx_accessories_speaker_microphones,product_category_motorola_commercial_accessories_vxevx_accessories,Speaker Microphones
product_category_motorola_commercial_accessories_vxevx_accessories_portable_service_tools,product_category_motorola_commercial_accessories_vxevx_accessories,Portable Service Tools
product_category_motorola_commercial_accessories_vxevx_accessories_mobile_microphones,product_category_motorola_commercial_accessories_vxevx_accessories,Mobile Microphones
product_category_motorola_commercial_accessories_vxevx_accessories_mobile_speakers,product_category_motorola_commercial_accessories_vxevx_accessories,Mobile Speakers
product_category_motorola_commercial_accessories_vxevx_accessories_mobile_power_supply,product_category_motorola_commercial_accessories_vxevx_accessories,Mobile Power Supply
product_category_motorola_commercial_accessories_vxevx_accessories_option_boards,product_category_motorola_commercial_accessories_vxevx_accessories,Option Boards
product_category_motorola_commercial_accessories_vxevx_accessories_miscellaneous,product_category_motorola_commercial_accessories_vxevx_accessories,Miscellaneous
product_category_motorola_commercial_accessories_legacy_vertex_accessories,product_category_motorola_commercial_accessories,Legacy Vertex Accessories
product_category_motorola_commercial_accessories_legacy_vertex_accessories_alkaline_battery_cases,product_category_motorola_commercial_accessories_legacy_vertex_accessories,Alkaline Battery Cases
product_category_motorola_commercial_accessories_legacy_vertex_accessories_portable_antennas,product_category_motorola_commercial_accessories_legacy_vertex_accessories,Portable Antennas
product_category_motorola_commercial_accessories_legacy_vertex_accessories_batteries,product_category_motorola_commercial_accessories_legacy_vertex_accessories,Batteries
product_category_motorola_commercial_accessories_legacy_vertex_accessories_carry_cases,product_category_motorola_commercial_accessories_legacy_vertex_accessories,Carry Cases
product_category_motorola_commercial_accessories_legacy_vertex_accessories_chargers,product_category_motorola_commercial_accessories_legacy_vertex_accessories,Chargers
product_category_motorola_commercial_accessories_legacy_vertex_accessories_headsets_and_surveillance,product_category_motorola_commercial_accessories_legacy_vertex_accessories,Headsets and Surveillance
product_category_motorola_commercial_accessories_legacy_vertex_accessories_speaker_microphones,product_category_motorola_commercial_accessories_legacy_vertex_accessories,Speaker Microphones
product_category_motorola_commercial_accessories_legacy_vertex_accessories_service_tools,product_category_motorola_commercial_accessories_legacy_vertex_accessories,Service Tools
product_category_motorola_commercial_accessories_legacy_vertex_accessories_mobile_microphones,product_category_motorola_commercial_accessories_legacy_vertex_accessories,Mobile Microphones
product_category_motorola_commercial_accessories_legacy_vertex_accessories_mobile_speakers,product_category_motorola_commercial_accessories_legacy_vertex_accessories,Mobile Speakers
product_category_motorola_commercial_accessories_legacy_vertex_accessories_mobile_installation,product_category_motorola_commercial_accessories_legacy_vertex_accessories,Mobile Installation
product_category_motorola_commercial_radio,product_category_motorola_commercial_accessories,Radio
product_category_motorola_professional_accessories,product_category_motorola_professional,Accessories
product_category_motorola_professional_accessories_pro_tier_digital_antennas,product_category_motorola_professional_accessories,Pro-Tier Digital Antennas
product_category_motorola_professional_accessories_batteries,product_category_motorola_professional_accessories,Batteries
product_category_motorola_professional_accessories_chargers,product_category_motorola_professional_accessories,Chargers
product_category_motorola_professional_accessories_carry_cases,product_category_motorola_professional_accessories,Carry Cases
product_category_motorola_professional_accessories_headsets,product_category_motorola_professional_accessories,Headsets
product_category_motorola_professional_accessories_microphones,product_category_motorola_professional_accessories,Microphones
product_category_motorola_professional_accessories_service_tools_and_misc,product_category_motorola_professional_accessories,Service Tools and Misc
product_category_motorola_professional_accessories_service_tools_and_misc_software_license_keys,product_category_motorola_professional_accessories_service_tools_and_misc,Software License Keys
product_category_motorola_professional_accessories_service_tools_and_misc_user_manuals,product_category_motorola_professional_accessories_service_tools_and_misc,User Manuals
product_category_motorola_professional_accessories_call_boxes,product_category_motorola_professional_accessories,Call Boxes
product_category_motorola_professional_accessories_call_boxes_1,product_category_motorola_professional_accessories_call_boxes,Call Box-1
product_category_motorola_professional_accessories_call_boxes_2,product_category_motorola_professional_accessories_call_boxes,Call Box-2
product_category_motorola_professional_accessories_call_boxes_3,product_category_motorola_professional_accessories_call_boxes,Call Box-3
product_category_motorola_professional_accessories_call_boxes_4,product_category_motorola_professional_accessories_call_boxes,Call Box-4
product_category_motorola_professional_accessories_call_boxes_5,product_category_motorola_professional_accessories_call_boxes,Call Box-5
product_category_motorola_professional_accessories_call_boxes_6,product_category_motorola_professional_accessories_call_boxes,Call Box-6
product_category_motorola_professional_accessories_call_boxes_7,product_category_motorola_professional_accessories_call_boxes,Call Box-7
product_category_motorola_professional_accessories_ear_pieces,product_category_motorola_professional_accessories,Ear Pieces
product_category_motorola_professional_accessories_digital_pro_tier_mobile_accessories,product_category_motorola_professional_accessories,Digital Pro-Tier Mobile Accessories
product_category_motorola_professional_accessories_digital_pro_tier_mobile_accessories_combined_antenna_for_uhf_and_gps,product_category_motorola_professional_accessories_digital_pro_tier_mobile_accessories,Combined Antenna for UHF and GPS
product_category_motorola_professional_accessories_digital_pro_tier_mobile_accessories_mobile_antenna_adding_gps_capability,product_category_motorola_professional_accessories_digital_pro_tier_mobile_accessories,Mobile Antenna adding GPS Capability
product_category_motorola_professional_accessories_digital_pro_tier_mobile_accessories_mobile_antenna_excluding_gps_capability,product_category_motorola_professional_accessories_digital_pro_tier_mobile_accessories,Mobile Antenna excluding GPS Capability
product_category_motorola_professional_accessories_digital_pro_tier_mobile_accessories_800_900mhz_non_gps_antennas_only,product_category_motorola_professional_accessories_digital_pro_tier_mobile_accessories,800/900MHz Non-GPS Antennas only
product_category_motorola_professional_accessories_digital_pro_tier_mobile_accessories_replacement_antennas,product_category_motorola_professional_accessories_digital_pro_tier_mobile_accessories,Replacement Antennas
product_category_motorola_professional_accessories_digital_pro_tier_mobile_accessories_cables,product_category_motorola_professional_accessories_digital_pro_tier_mobile_accessories,Cables
product_category_motorola_professional_accessories_digital_pro_tier_mobile_accessories_control_station_accessories,product_category_motorola_professional_accessories_digital_pro_tier_mobile_accessories,Control Station Accessories
product_category_motorola_professional_accessories_digital_pro_tier_mobile_accessories_handheld_control_head_accessories,product_category_motorola_professional_accessories_digital_pro_tier_mobile_accessories,Handheld Control Head Accessories
product_category_motorola_professional_accessories_digital_pro_tier_mobile_accessories_handsfree_accessories,product_category_motorola_professional_accessories_digital_pro_tier_mobile_accessories,Handsfree Accessories
product_category_motorola_professional_accessories_digital_pro_tier_mobile_accessories_loudspeakers,product_category_motorola_professional_accessories_digital_pro_tier_mobile_accessories,Loudspeakers
product_category_motorola_professional_accessories_digital_pro_tier_mobile_accessories_microphones,product_category_motorola_professional_accessories_digital_pro_tier_mobile_accessories,Microphones
product_category_motorola_professional_accessories_digital_pro_tier_mobile_accessories_mounting_accessories,product_category_motorola_professional_accessories_digital_pro_tier_mobile_accessories,Mounting Accessories
product_category_motorola_professional_accessories_digital_pro_tier_mobile_accessories_remote_mount_adaptor_kit_accessories,product_category_motorola_professional_accessories_digital_pro_tier_mobile_accessories,Remote Mount Adaptor Kit Accessories
product_category_motorola_professional_accessories_digital_pro_tier_mobile_accessories_replacement_button_kits,product_category_motorola_professional_accessories_digital_pro_tier_mobile_accessories,Replacement Button Kits
product_category_motorola_professional_accessories_digital_pro_tier_mobile_accessories_service_equipment,product_category_motorola_professional_accessories_digital_pro_tier_mobile_accessories,Service Equipment
product_category_motorola_professional_accessories_digital_pro_tier_mobile_accessories_user_manuals,product_category_motorola_professional_accessories_digital_pro_tier_mobile_accessories,User Manuals
product_category_motorola_professional_accessories_digital_pro_tier_mobile_accessories_wireless_accessories,product_category_motorola_professional_accessories_digital_pro_tier_mobile_accessories,Wireless Accessories
product_category_motorola_professional_radio,product_category_motorola_professional,Radio
