id,default_code,description,name,is_storable,tracking,categ_id:id
product_template_5452275,5452275,IP MOBILITY ROUTER: Cisco C921-4P + SL-900-APP,IP MOBILITY ROUTER: Cisco C921-4P + SL-900-APP,TRUE,none,aak_product_data.product_category_kenwood_components
product_template_kas_20k,KAS-20K,AVL & DISPATCH SOFTWARE BASE LICENSE,AVL & DISPATCH SOFTWARE BASE LICENSE,TRUE,none,aak_product_data.product_category_kenwood_components
product_template_ken_4012,KEN-4012,DC POWER SUPPLY: Duracomm RMF-4012,DC POWER SUPPLY: Duracomm RMF-4012,TRUE,none,aak_product_data.product_category_kenwood_components
product_template_kpg_1002gw,KPG-1002GW,Option license for IP gateway,Option license for IP gateway,TRUE,none,aak_product_data.product_category_kenwood_components
product_template_kpg_1003ns,KPG-1003NS,Option license for Network management server,Option license for Network management server,TRUE,none,aak_product_data.product_category_kenwood_components
product_template_kpg_1004nc,KPG-1004NC,Network Manager Client Software</p><p>Note: Required for Network Management.</p><p>A unique license key is required for each PC with software installed. A single license key will not authorize multiple PCs. Requires KPT-300LMC for authentication.,Network Manager Client Software,TRUE,none,aak_product_data.product_category_kenwood_components
product_template_kpg_1011vp,KPG-1011VP,KPG-1002GW G.711 Voice path license,KPG-1002GW G.711 Voice path license,TRUE,none,aak_product_data.product_category_kenwood_components
product_template_kpg_110smk,KPG-110SMK,System Manager Trunking Software</p><p>Note:  Additional Programming Software (One copy included with KPGKEYSM)  Software cannot be opened without a valid KSGPGKEY01 or KSGPGKEY02 secure USB key.,System Manager Trunking Software,TRUE,none,aak_product_data.product_category_kenwood_components
product_template_kpg_149rm,KPG-149RM,Nexedge Repeater Monitoring Software,Nexedge Repeater Monitoring Software,TRUE,none,aak_product_data.product_category_kenwood_components
product_template_kpg_150ap,KPG-150AP,"OTAP Manager </p><p>Note:</p><p>- Includes a license for one computer, one base radio (mobile or portable), and 10 subscriber radios (mobile or portable)</p><p>- NEXEDGE Type-D Trunking and DMR System not supported.",OTAP Manager ,TRUE,none,aak_product_data.product_category_kenwood_components
product_template_kpg_180ap,KPG-180AP,"OTAP Manager Software (Windows® 7/8/8.1/10)  </p><p>License includes: Software manages up to fifty(50) radio program files, one communication profile for each NXDN serial connection, DMR serial connection, NXDN Type-C IP, and DMR AIS IP connection </p><p>Note: For each additional serial connected base radio or IP connected RF system, one additional communication profile is required.</p><p>Note: Requires KPT-300LMC for license authentication",OTAP Manager Software (Windows® 7/8/8.1/10)  ,TRUE,none,aak_product_data.product_category_kenwood_components
product_template_kpg_d2nk,KPG-D2NK,"License Key for KPG-D2NK</p><p>Programming Software for NXR-5000 Repeater (Windows® Vista/7/8/8.1/10/11)  </p><p>Note:</p><p>- Requires KPT-300LMC for authentication.</p><p>- To program NXR-5000, Type A/B USB Cable (KSGCB10206) may be required.",License Key for KPG-D2NK,TRUE,none,aak_product_data.product_category_kenwood_components
product_template_kpg_d7k,KPG-D7K,Repeater Programming Software,Repeater Programming Software,TRUE,none,aak_product_data.product_category_kenwood_components
product_template_kpg_gen2ipgw,KPG-GEN2IPGW,NEXEDGE GEN2 IP GATEWAY</p><p>(Includes Server and IP Gateway Software),NEXEDGE GEN2 IP GATEWAY,TRUE,none,aak_product_data.product_category_kenwood_components
product_template_kpg_gen2ipgwr,KPG-GEN2IPGWR,NEXEDGE GEN2 IP GATEWAY LOCAL REDUNDANCY PCKG</p><p>(Includes 2 units of Server and IP Gateway Software each for redundancy),NEXEDGE GEN2 IP GATEWAY LOCAL REDUNDANCY PCKG,TRUE,none,aak_product_data.product_category_kenwood_components
product_template_kpg_gen2nms,KPG-GEN2NMS,NEXEDGE GEN2 NETWORK MANAGEMENT SERVER</p><p>(Includes Server and Nertwork Management Service Software),NEXEDGE GEN2 NETWORK MANAGEMENT SERVER,TRUE,none,aak_product_data.product_category_kenwood_components
product_template_kpg_gen2rg,KPG-GEN2RG,NEXEDGE GEN2 ROAMING GATEWAY</p><p>(Includes Server and Roaming Gateway Server Software),NEXEDGE GEN2 ROAMING GATEWAY,TRUE,none,aak_product_data.product_category_kenwood_components
product_template_kpg_gen2st,KPG-GEN2ST,NEXEDGE GEN2 SITE CONTROLLER</p><p>(Includes Server and Site Control Software),NEXEDGE GEN2 SITE CONTROLLER,TRUE,none,aak_product_data.product_category_kenwood_components
product_template_kpg_gen2str,KPG-GEN2STR,NEXEDGE GEN2 SITE CONTROLLER LOCAL REDUNDANCY PCKG</p><p>(Includes 2 units of Server and Site Control Software each for redundancy),NEXEDGE GEN2 SITE CONTROLLER LOCAL REDUNDANCY PCKG,TRUE,none,aak_product_data.product_category_kenwood_components
product_template_kpg_gen2sy,KPG-GEN2SY,NEXEDGE GEN2 SYSTEM CONTROLLER</p><p>(Includes Server and System Control Software),NEXEDGE GEN2 SYSTEM CONTROLLER,TRUE,none,aak_product_data.product_category_kenwood_components
product_template_kpg_gen2syr,KPG-GEN2SYR,NEXEDGE GEN2 SYSTEM CONTROLLER GEO-REDUNDANCY PCKG</p><p>(Includes 2 units of Server and Server Control Software each for redundancy ),NEXEDGE GEN2 SYSTEM CONTROLLER GEO-REDUNDANCY PCKG,TRUE,none,aak_product_data.product_category_kenwood_components
product_template_kpgkey01,KPGKEY01,Grade-1 Unlimited Access Secure USB Programming Key,Grade-1 Unlimited Access Secure USB Programming Key,TRUE,none,aak_product_data.product_category_kenwood_components
product_template_kpgkey02,KPGKEY02,Grade-2 Limited Access Secure USB Programming Key,Grade-2 Limited Access Secure USB Programming Key,TRUE,none,aak_product_data.product_category_kenwood_components
product_template_kpgkeysm,KPGKEYSM,"System Manager Software and Secure USB Key Package (KPG-110SMK, KPGKEY01)</p><p>Note:  Only required when used as a trunking system.","System Manager Software and Secure USB Key Package (KPG-110SMK, KPGKEY01)",TRUE,none,aak_product_data.product_category_kenwood_components
product_template_kpt_300lmc,KPT-300LMC,License Management Client (downloadable from MyTools website),License Management Client (downloadable from MyTools website),TRUE,none,aak_product_data.product_category_kenwood_components
product_template_ksgdx23101,KSGDX23101,4 Cavity UHF BpBr Duplexer (450-470MHz Only). TX and RX Frequencies: REQUIRED WITH ORDER,4 Cavity UHF BpBr Duplexer (450-470MHz Only). TX and RX Frequencies: REQUIRED WITH ORDER,TRUE,none,aak_product_data.product_category_kenwood_components
product_template_ksgdx62001,KSGDX62001,"Mobile Duplexer, VHF, 148-160MHz, 6 cavities, 4.5MHz sep, N-F</p><p>Note: Mobile duplexers are not ideal for high RF density configurations. TX and RX Frequencies: REQUIRED WITH ORDER","Mobile Duplexer, VHF, 148-160MHz, 6 cavities, 4.5MHz sep, N-F",TRUE,none,aak_product_data.product_category_kenwood_components
product_template_ksgdx63002,KSGDX63002,"Mobile Duplexer, UHF, 450-470MHz, 6 cavities, 5MHz sep, N-F</p><p>Note: Mobile duplexers are not ideal for high RF density configurations. TX and RX Frequencies: REQUIRED WITH ORDER","Mobile Duplexer, UHF, 450-470MHz, 6 cavities, 5MHz sep, N-F",TRUE,none,aak_product_data.product_category_kenwood_components
product_template_ksgmt90005,KSGMT90005,"Mounting Rack, Black, required when ordering 5-Pack Amplifiers only","Mounting Rack, Black, required when ordering 5-Pack Amplifiers only",TRUE,none,aak_product_data.product_category_kenwood_components
product_template_ksgpa22415,KSGPA22415,136-174MHz 3W Input 50-100W Output,136-174MHz 3W Input 50-100W Output,TRUE,none,aak_product_data.product_category_kenwood_components
product_template_ksgpa22416,KSGPA22416,"136-174MHz, 3W Input, 100W Output, 5-Pack","136-174MHz, 3W Input, 100W Output, 5-Pack",TRUE,none,aak_product_data.product_category_kenwood_components
product_template_ksgpa23411,KSGPA23411,"403-450MHz, 3W Input, 50-100W Output","403-450MHz, 3W Input, 50-100W Output",TRUE,none,aak_product_data.product_category_kenwood_components
product_template_ksgpa23413,KSGPA23413,"450-512MHz, 3W Input, 50-100W Output","450-512MHz, 3W Input, 50-100W Output",TRUE,none,aak_product_data.product_category_kenwood_components
product_template_ksgpa23513,KSGPA23513,"450-512MHz, 25W Input, 50-100W Output","450-512MHz, 25W Input, 50-100W Output",TRUE,none,aak_product_data.product_category_kenwood_components
product_template_ksgpa23543,KSGPA23543,"450-512MHZ, 25W Input, 150W Output","450-512MHZ, 25W Input, 150W Output",TRUE,none,aak_product_data.product_category_kenwood_components
product_template_ksgpa23703,KSGPA23703,"450-512MHz, 3W Input, 100W Output, 5-Pack","450-512MHz, 3W Input, 100W Output, 5-Pack",TRUE,none,aak_product_data.product_category_kenwood_components
product_template_ksgpa23705,KSGPA23705,"450-512MHz, 3W Input, 50W Output, 5-Pack","450-512MHz, 3W Input, 50W Output, 5-Pack",TRUE,none,aak_product_data.product_category_kenwood_components
product_template_ksgpa24181,KSGPA24181,"764-870MHz, 250mW Input, 80W Output","764-870MHz, 250mW Input, 80W Output",TRUE,none,aak_product_data.product_category_kenwood_components
product_template_ksgpg91800,KSGPG91800,Repeater Trunking Feature</p><p>Note:  One Feature required for each trunking repeater.,Repeater Trunking Feature,TRUE,none,aak_product_data.product_category_kenwood_components
product_template_ksgpg91810,KSGPG91810,Multi-Site Networking Feature</p><p>Note:  One required for each networked site.,Multi-Site Networking Feature,TRUE,none,aak_product_data.product_category_kenwood_components
product_template_ksgps20352,KSGPS20352,"35A, 13.8VDC, 19"" Wide Rack-Mounted Power Supply with SmartCharger</p><p>Note:  Incompatible with 150W or 250W amplifier option.","35A, 13.8VDC, 19"" Wide Rack-Mounted Power Supply with SmartCharger",TRUE,none,aak_product_data.product_category_kenwood_components
product_template_ksgps20400,KSGPS20400,"40A, 13.8VDC, 19"" Wide Rack-Mounted Power Supply</p><p>Note:  Incompatible with 150W or 250W amplifier option.","40A, 13.8VDC, 19"" Wide Rack-Mounted Power Supply",TRUE,none,aak_product_data.product_category_kenwood_components
product_template_ksgps20701,KSGPS20701,"70A, 13.8VDC, 19"" Wide Rack-Mounted Power Supply              ","70A, 13.8VDC, 19"" Wide Rack-Mounted Power Supply              ",TRUE,none,aak_product_data.product_category_kenwood_components
product_template_ksgps20702,KSGPS20702,"70A, 13.8VDC, 19"" Wide Rack-Mounted Power Supply with SmartCharger                            ","70A, 13.8VDC, 19"" Wide Rack-Mounted Power Supply with SmartCharger                            ",TRUE,none,aak_product_data.product_category_kenwood_components
product_template_kti_2500m,KTI-2500M,System controller server</p><p>Note: One license each for AIS/SIP/G.711 installed as default,System controller server,TRUE,none,aak_product_data.product_category_kenwood_components
product_template_kti_4m,KTI-4M,Telephone Interconnect Adaptor,Telephone Interconnect Adaptor,TRUE,none,aak_product_data.product_category_kenwood_components
product_template_kwd_20c_lmk,KWD-20C-LMK,Location Management License for KAS-20 client,Location Management License for KAS-20 client,TRUE,none,aak_product_data.product_category_kenwood_components
product_template_kwd_20cnt,KWD-20CNT,Repeater Multi-Site Feature</p><p>Note: Only for Multi-Site Trunking System. Required for each Trunking Repeater.,Repeater Multi-Site Feature,TRUE,none,aak_product_data.product_category_kenwood_components
product_template_kwd_20ctr,KWD-20CTR,Repeater Trunking Feature</p><p>Note: Required for each Trunking Repeater.,Repeater Trunking Feature,TRUE,none,aak_product_data.product_category_kenwood_components
product_template_kwd_20c_vdk,KWD-20C-VDK,Voice Dispatch License for KAS-20 client</p><p>Note: KWD-20C-VDK does not contain vocoder license. IP dispatching requires additional KWD-20C-VPK for AMBE+2 voice vocoding .,Voice Dispatch License for KAS-20 client,TRUE,none,aak_product_data.product_category_kenwood_components
product_template_kwd_20c_vpk,KWD-20C-VPK,Voice Path License for KAS-20 client</p><p>Note: Single KWD-20C-VPK allows single stream of AMBE+2 vocoding per license. Purchase multiple licenses up to 8 for simultaneous vocoding. ,Voice Path License for KAS-20 client,TRUE,none,aak_product_data.product_category_kenwood_components
product_template_kwd_20s_mck,KWD-20S-MCK,Server upgrade license to enable multi-client operation</p><p>Note: Single KAS-20 server software holds up to ten KAS-20 clients.,Server upgrade license to enable multi-client operation,TRUE,none,aak_product_data.product_category_kenwood_components
product_template_kwd_20s_rsk,KWD-20S-RSK,"Server upgrade license to connect ONE additional RF system to KAS-20 (NXR-1000, NXR-5000 & Karios Tier 2 based systems)","Server upgrade license to connect ONE additional RF system to KAS-20 (NXR-1000, NXR-5000 & Karios Tier 2 based systems)",TRUE,none,aak_product_data.product_category_kenwood_components
product_template_kwd_20s_t3k,KWD-20S-T3K,Server upgrade license to connect ONE DMR Tier 3 Trunking system to KAS-20 (Karios Tier 3 based systems),Server upgrade license to connect ONE DMR Tier 3 Trunking system to KAS-20 (Karios Tier 3 based systems),TRUE,none,aak_product_data.product_category_kenwood_components
product_template_kwd_20s_vrk,KWD-20S-VRK,Server upgrade license to enable Voice Logging and Playback</p><p>Note: Voice replay uses one KWD-20C-VPK voice path license while replaying on KAS-20 client.,Server upgrade license to enable Voice Logging and Playback,TRUE,none,aak_product_data.product_category_kenwood_components
product_template_kwd_2500ask,KWD-2500ASK,Software option to enable AIS calling capability</p><p>Required per concurrent call</p><p>Note: One license installed in KTI-2500 as default,Software option to enable AIS calling capability,TRUE,none,aak_product_data.product_category_kenwood_components
product_template_kwd_2500gtk,KWD-2500GTK,Software option to enable G.711 transcoder capability</p><p>Required per concurrent call</p><p>Note: One license installed in KTI-2500 as default,Software option to enable G.711 transcoder capability,TRUE,none,aak_product_data.product_category_kenwood_components
product_template_kwd_2500hak,KWD-2500HAK,Software option to enable high availability</p><p>Required per secondary Controller,Software option to enable high availability,TRUE,none,aak_product_data.product_category_kenwood_components
product_template_kwd_2500spk,KWD-2500SPK,Software option to enable SIP calling capability</p><p>Required per concurrent call</p><p>Note: One license installed in KTI-2500 as default,Software option to enable SIP calling capability,TRUE,none,aak_product_data.product_category_kenwood_components
product_template_kwd_ap1,KWD-AP1,Additional Radio License for 1 PC </p><p>Note:  Price is per license on quantities of less than 100 licenses.,Additional Radio License for 1 PC ,TRUE,none,aak_product_data.product_category_kenwood_components
product_template_kwd_ap100,KWD-AP100,Additional 100 Radio License for 1 PC  </p><p>Note:  Price is per license when ordering between 100 and 249 licenses at the same time.,Additional 100 Radio License for 1 PC  ,TRUE,none,aak_product_data.product_category_kenwood_components
product_template_kwd_ap1_ca,KWD-AP1-CA,"Additional NXDN Base Radio</p><p>License will allow user to add One Base radio for either NXDN Conventional, NXDN Type-C Trunking, or Gen2 Trunking",Additional NXDN Base Radio,TRUE,none,aak_product_data.product_category_kenwood_components
product_template_kwd_ap250,KWD-AP250,Additional 250 Radio License for 1 PC  </p><p>Note:  Price is per license when ordering between 250 and 499 licenses at the same time. ,Additional 250 Radio License for 1 PC  ,TRUE,none,aak_product_data.product_category_kenwood_components
product_template_kwd_ap2_cp,KWD-AP2-CP,"Additional IP Connected NXDN System </p><p>License will allow user to add One IP connected RF system for either NXDN Conventional, NXDN Type-C Trunking, or Gen2 Trunking",Additional IP Connected NXDN System ,TRUE,none,aak_product_data.product_category_kenwood_components
product_template_kwd_ap3_p25,KWD-AP3-P25,Additional P25 Conventional Base Radio</p><p>License will allow user to add One Base radio for P25 conventional radio to radio over-the-air reprogramming,Additional P25 Conventional Base Radio,TRUE,none,aak_product_data.product_category_kenwood_components
product_template_kwd_ap4_da,KWD-AP4-DA,"Additional DMR Base Radio</p><p>License will allow user to add One Base radio for either Kenwood DMR Tier 2 Conventional, or Kairos DMR Tier 3 Trunking",Additional DMR Base Radio,TRUE,none,aak_product_data.product_category_kenwood_components
product_template_kwd_ap500,KWD-AP500,Additional 500 Radio License for 1 PC  </p><p>Note:  Price is per license when ordering 500 or more licenses at the same time.,Additional 500 Radio License for 1 PC  ,TRUE,none,aak_product_data.product_category_kenwood_components
product_template_kwd_ap5100,KWD-AP5100,Additional 100 Radio Package License for 1 PC </p><p>Note:  License includes 100 subscriber radios OTAP License.,Additional 100 Radio Package License for 1 PC ,TRUE,none,aak_product_data.product_category_kenwood_components
product_template_kwd_ap5250,KWD-AP5250,Additional 250 Radio Package License for 1 PC </p><p>Note:  License includes 250 subscriber radios OTAP License.,Additional 250 Radio Package License for 1 PC ,TRUE,none,aak_product_data.product_category_kenwood_components
product_template_kwd_ap5500,KWD-AP5500,Additional 500 Radio Package License for 1 PC </p><p>Note:  License includes 500 subscriber radios OTAP License.,Additional 500 Radio Package License for 1 PC ,TRUE,none,aak_product_data.product_category_kenwood_components
product_template_kwd_ap5_dp,KWD-AP5-DP,"Additional IP Connected DMR System</p><p>License will allow user to add One IP connected RF system  for Kairos DMR Tier 2 Conventional, Kairos DMR Tier 3 Trunking, or Tait Tier 3 Trunking Systems",Additional IP Connected DMR System,TRUE,none,aak_product_data.product_category_kenwood_components
product_template_kwd_nx10dck,KWD-NX10DCK,License Key for DMR Tier 2 Conventional,License Key for DMR Tier 2 Conventional,TRUE,none,aak_product_data.product_category_kenwood_components
product_template_kwd_nx10msk,KWD-NX10MSK,License Key for Multi-site & RF Link,License Key for Multi-site & RF Link,TRUE,none,aak_product_data.product_category_kenwood_components
product_template_kwd_nx10nck,KWD-NX10NCK,License Key for NXDN Conventional,License Key for NXDN Conventional,TRUE,none,aak_product_data.product_category_kenwood_components
product_template_kwd_nx10spk,KWD-NX10SPK,License Key for SIP Telephone Interface (NXDN and DMR only),License Key for SIP Telephone Interface (NXDN and DMR only),TRUE,none,aak_product_data.product_category_kenwood_components
product_template_kwd_nx10vrk,KWD-NX10VRK,Voting Repeater License,Voting Repeater License,TRUE,none,aak_product_data.product_category_kenwood_components
product_template_kwd_nx50vtr,KWD-NX50VTR,License Key for NXR-5000 Vote System,License Key for NXR-5000 Vote System,TRUE,none,aak_product_data.product_category_kenwood_components
product_template_kwd_ofl_usb,KWD-OFL-USB,USB License Storage Hardware key for Radio Feature License</p><p>Note: </p><p>- Must purchase Radio Feature Licenses separately.</p><p>- Can be used with only one (1) KPT-300LMC Account Registration Key.</p><p>- Requires KPT-300LMC V1.10 or higher.</p><p>- Cancellation rule is different from standard Online/Offline Authentication. Please refer to a leaflet bundled with KWD-OFL-USB.</p><p></p><p>Warranty Information:</p><p>- Damaged USB License Storage “KWD-OFL-USB”</p><p>a. Remaining Licenses will not be warranted.</p><p>b. Licenses not uploaded to the License Management Server will not be warranted.,USB License Storage Hardware key for Radio Feature License,TRUE,none,aak_product_data.product_category_kenwood_components
product_template_kwd_sp1,KWD-SP1,Additional System License for 1 PC </p><p>Note:  Price is per license on quantities of less that 16 licenses.,Additional System License for 1 PC ,TRUE,none,aak_product_data.product_category_kenwood_components
product_template_kxk_3m3,KXK-3M3,"6.25KHz ""Very Narrow Band"" Option High Stability Reference Oscillator","6.25KHz ""Very Narrow Band"" Option High Stability Reference Oscillator",TRUE,none,aak_product_data.product_category_kenwood_components
product_template_l_1879,L-1879,Gen1 Activation File update - requires submission of Gen1 Trunking Order Form,Gen1 Activation File update - requires submission of Gen1 Trunking Order Form,TRUE,none,aak_product_data.product_category_kenwood_components
product_template_l_1880,L-1880,Gen2 Activation File Update - requires submisstion of Gen2 Trunking Order Form,Gen2 Activation File Update - requires submisstion of Gen2 Trunking Order Form,TRUE,none,aak_product_data.product_category_kenwood_components
product_template_l_1900,L-1900,Factory Activation of NXR-1x00 Feature Licenses (per Repeater)</p><p>Note: Must purchase Repeater Feature Licenses separately.</p><p>KPT-300LMC's History Menu will not display the Repeater Features activated by Factory.,Factory Activation of NXR-1x00 Feature Licenses (per Repeater),TRUE,none,aak_product_data.product_category_kenwood_components
product_template_l_5000,L-5000,"KPT-300LMC Account Registration Key</p><p>Note: Must submit ""KPT-300LMC - Account Request Form"" to Land Mobile Order Desk. </p><p>Please find and download form from KENWOOD MyTools website > Product > Forms",KPT-300LMC Account Registration Key,TRUE,none,aak_product_data.product_category_kenwood_components
product_template_nxr_1700e,NXR-1700E,"Repeater, Analog, VHF, 136-174MHz, 1-50W","Repeater, Analog, VHF, 136-174MHz, 1-50W",TRUE,none,aak_product_data.product_category_kenwood_components
product_template_nxr_1800e,NXR-1800E,"Repeater, Analog, UHF, 450-520MHz, 1-40W","Repeater, Analog, UHF, 450-520MHz, 1-40W",TRUE,none,aak_product_data.product_category_kenwood_components
product_template_nxr_1800e2,NXR-1800E2,"Repeater, Analog, UHF, 400-470MHz, 1-40W","Repeater, Analog, UHF, 400-470MHz, 1-40W",TRUE,none,aak_product_data.product_category_kenwood_components
product_template_nxr_5700k,NXR-5700K,"Repeater, Digital, VHF, 136-174MHz, 25W, 0.5ppm TCXO built-in","Repeater, Digital, VHF, 136-174MHz, 25W, 0.5ppm TCXO built-in",TRUE,none,aak_product_data.product_category_kenwood_components
product_template_nxr_5800k,NXR-5800K,"Repeater, Digital, UHF, 450-520MHz, 25W, 0.5ppm TCXO built-in","Repeater, Digital, UHF, 450-520MHz, 25W, 0.5ppm TCXO built-in",TRUE,none,aak_product_data.product_category_kenwood_components
product_template_nxr_5800k3,NXR-5800K3,"Repeater, Digital, UHF, 400-470MHz, 25W, 0.5ppm TCXO built-in","Repeater, Digital, UHF, 400-470MHz, 25W, 0.5ppm TCXO built-in",TRUE,none,aak_product_data.product_category_kenwood_components
product_template_nxr_5800k5,NXR-5800K5,"Repeater, Digital, UHF, 350-400MHz, 25W, 0.5ppm TCXO built-in","Repeater, Digital, UHF, 350-400MHz, 25W, 0.5ppm TCXO built-in",TRUE,none,aak_product_data.product_category_kenwood_components
product_template_nxr_5900k,NXR-5900K,"Repeater, Digital, RX 806-825 MHz, TX 821-870 MHz ","Repeater, Digital, RX 806-825 MHz, TX 821-870 MHz ",TRUE,none,aak_product_data.product_category_kenwood_components
product_template_nxr_5901k,NXR-5901K,"Repeater, Digital, RX 896-902MHz, TX 935-941MHz ","Repeater, Digital, RX 896-902MHz, TX 935-941MHz ",TRUE,none,aak_product_data.product_category_kenwood_components
product_template_tkr_2500um,TKR-2500UM,"Repeater, UHF, 470-520MHz, 40W</p><p>TDMA digital trunking only (no analog, no DMR conventional)","Repeater, UHF, 470-520MHz, 40W",TRUE,none,aak_product_data.product_category_kenwood_components
product_template_tkr_2500um2,TKR-2500UM2,"Repeater, UHF, 400-470MHz, 40W</p><p>TDMA digital trunking only (no analog, no DMR conventional)","Repeater, UHF, 400-470MHz, 40W",TRUE,none,aak_product_data.product_category_kenwood_components
product_template_tkr_2500vm,TKR-2500VM,"Repeater, VHF, 136-174MHz, 50W</p><p>TDMA digital trunking only (no analog, no DMR conventional)","Repeater, VHF, 136-174MHz, 50W",TRUE,none,aak_product_data.product_category_kenwood_components
